{"stat.cakeSlicesEaten":7,"stat.pickup.immersiveengineering.ore":16,"stat.pickup.minecraft.bone":9,"stat.pickup.minecraft.wooden_slab":1,"stat.pickup.flansmod.kskbody":1,"stat.useItem.minecraft.iron_axe":114,"stat.leaveGame":2,"stat.mineBlock.minecraft.cobblestone":5,"stat.pickup.mysticalworld.silk_cocoon":2,"stat.pickup.natura.overworld_logs2":2,"stat.mineBlock.thaumcraft.ore_quartz":1,"stat.pickup.minecraft.flint":6,"stat.entityKilledBy.techguns.ZombieMiner":1,"stat.craftItem.minecraft.iron_axe":1,"stat.pickup.minecraft.leather_chestplate":1,"stat.pickup.forestry.resources":12,"stat.mineBlock.appliedenergistics2.quartz_ore":3,"stat.swimOneCm":32948,"stat.climbOneCm":66,"stat.useItem.minecraft.planks":16,"stat.drop.minecraft.cobblestone":1,"stat.killEntity.techguns.ZombieSoldier":2,"stat.mineBlock.immersiveengineering.ore":10,"stat.pickup.minecraft.porkchop":3,"stat.mineBlock.gravestone.gravestone":2,"stat.pickup.harvestcraft.okraitem":4,"stat.useItem.minecraft.dirt":1,"stat.pickup.projectred-exploration.ore":20,"stat.useItem.minecraft.stone_slab2":25,"stat.craftItem.techguns.sawedoff":1,"stat.pickup.minecraft.bow":1,"stat.pickup.harvestcraft.seaweeditem":5,"stat.pickup.minecraft.rotten_flesh":9,"stat.pickup.minecraft.sand":22,"stat.craftItem.minecraft.furnace":1,"stat.pickup.thermalfoundation.ore":21,"stat.pickup.minecraft.brick_block":5,"stat.killEntity.abyssalcraft.abyssalzombie":1,"stat.pickup.mysticalworld.silkworm_egg":5,"stat.craftItem.minecraft.stone_pickaxe":1,"stat.killEntity.Enderman":1,"stat.pickup.minecraft.cobblestone":391,"stat.mineBlock.minecraft.wooden_slab":1,"stat.pickup.harvestcraft.jicamaitem":6,"stat.mineBlock.minecraft.clay":22,"stat.mineBlock.chisel.limestone2":11,"stat.entityKilledBy.techguns.ZombieSoldier":1,"stat.useItem.minecraft.brick_block":1,"stat.flyOneCm":3521,"stat.craftItem.minecraft.iron_shovel":1,"stat.pickup.harvestcraft.cranberryitem":1,"stat.pickup.appliedenergistics2.material":8,"stat.mineBlock.minecraft.sand":23,"stat.killEntity.techguns.ZombieFarmer":2,"stat.mineBlock.openblocks.grave":2,"stat.pickup.minecraft.redstone":21,"stat.mineBlock.minecraft.iron_ore":64,"stat.timeSinceDeath":32294,"stat.hopperInspected":10,"stat.useItem.minecraft.iron_pickaxe":613,"stat.pickup.integrateddynamics.on_the_dynamics_of_integration":1,"stat.craftItem.minecraft.wooden_pickaxe":1,"stat.useItem.minecraft.iron_shovel":121,"stat.pickup.minecraft.mossy_cobblestone":4,"stat.mineBlock.minecraft.brick_block":5,"stat.killEntity.techguns.SkeletonSoldier":1,"stat.craftItem.minecraft.bed":1,"stat.drop.gravestone.death_info":1,"stat.pickup.harvestcraft.riceitem":2,"stat.mineBlock.chisel.marble2":9,"stat.mineBlock.minecraft.hopper":1,"stat.pickup.thermalfoundation.material":12,"stat.mineBlock.thermalfoundation.ore":13,"stat.pickup.techguns.basicore":8,"stat.pickup.minecraft.stonebrick":26,"stat.furnaceInteraction":33,"stat.pickup.galacticraftcore.basic_block_core":55,"stat.pickup.minecraft.iron_shovel":2,"stat.mineBlock.minecraft.coal_ore":56,"stat.killEntity.Creeper":2,"stat.craftItem.abyssalcraft.chickenp":1,"stat.pickup.minecraft.furnace":1,"stat.pickup.harvestcraft.asparagusitem":3,"stat.mineBlock.libvulpes.ore0":9,"stat.pickup.harvestcraft.brusselsproutitem":5,"stat.craftItem.minecraft.stone_slab2":0,"stat.pickup.harvestcraft.mulberryitem":4,"stat.sprintOneCm":476,"stat.pickup.minecraft.skull":7,"stat.craftItem.minecraft.stick":4,"stat.craftItem.minecraft.wooden_axe":1,"stat.mineBlock.mekanism.oreblock":16,"stat.pickup.ic2.resource":46,"stat.pickup.minecraft.stone_stairs":1,"stat.mineBlock.minecraft.diamond_ore":2,"stat.pickup.minecraft.leather_leggings":2,"stat.useItem.natura.edibles":19,"stat.useItem.abyssalcraft.chickenp":1,"stat.mineBlock.minecraft.oak_stairs":2,"stat.deaths":3,"stat.mineBlock.minecraft.planks":3,"stat.drop":2,"stat.pickup.minecraft.egg":1,"stat.playOneMinute":148872,"stat.craftItem.minecraft.iron_pickaxe":3,"stat.mineBlock.enderore.ore_ender":5,"stat.killEntity.Zombie":6,"stat.pickup.chisel.marble2":9,"stat.mineBlock.minecraft.gold_ore":33,"stat.mineBlock.minecraft.tallgrass":4,"stat.pickup.libvulpes.ore0":15,"stat.diveOneCm":24943,"stat.pickup.harvestcraft.cottonitem":2,"stat.chestOpened":49,"stat.mineBlock.minecraft.mossy_cobblestone":7,"stat.pickup.harvestcraft.kaleitem":5,"stat.mineBlock.projectred-exploration.ore":10,"stat.pickup.minecraft.gravel":58,"stat.pickup.minecraft.arrow":5,"stat.pickup.techguns.t1_combat_leggings":2,"stat.pickup.harvestcraft.tomatilloitem":4,"stat.pickup.harvestcraft.waterchestnutitem":5,"stat.useItem.minecraft.apple":3,"stat.pickup.techguns.t1_combat_chestplate":2,"stat.pickup.flansmod.juggernautbootsbrown":1,"stat.mineBlock.botania.mushroom":1,"stat.pickup.minecraft.brick":17,"stat.jump":953,"stat.useItem.minecraft.sand":1,"stat.pickup.immcraft.rock":1,"stat.pickup.minecraft.coal":107,"stat.fallOneCm":9589,"stat.pickup.minecraft.iron_ingot":11,"stat.craftItem.bonsaitrees.bonsaipot":2,"stat.pickup.nuclearcraft.ore":15,"stat.pickup.minecraft.gunpowder":1,"stat.pickup.harvestcraft.milletitem":7,"stat.crouchOneCm":3171,"stat.mineBlock.minecraft.chest":1,"stat.craftItem.minecraft.iron_ingot":21,"stat.craftItem.minecraft.chest":15,"stat.craftItem.minecraft.torch":48,"stat.pickup.minecraft.dirt":23,"stat.craftItem.minecraft.hopper":2,"stat.craftingTableInteraction":34,"stat.pickup.minecraft.iron_ore":71,"stat.craftItem.abyssalcraft.ironp":4,"stat.pickup.minecraft.gold_ore":57,"stat.entityKilledBy.techguns.SkeletonSoldier":1,"stat.mineBlock.minecraft.lapis_ore":12,"stat.craftItem.minecraft.flint_and_steel":2,"stat.mineBlock.immcraft.rock":1,"stat.mineBlock.ic2.resource":32,"stat.pickup.natura.edibles":28,"stat.mineBlock.nuclearcraft.ore":10,"stat.pickup.minecraft.iron_axe":2,"stat.pickup.icbmclassic.sulfurdust":8,"stat.mineBlock.minecraft.stone_stairs":1,"stat.damageTaken":1759,"stat.pickup.minecraft.leather":1,"stat.pickup.minecraft.feather":1,"stat.mineBlock.mysticalworld.silver_ore":1,"stat.mineBlock.minecraft.furnace":1,"stat.mineBlock.minecraft.torch":7,"stat.killEntity.techguns.ZombieMiner":2,"stat.useItem.minecraft.wooden_pickaxe":3,"stat.pickup.harvestcraft.blueberryitem":6,"stat.pickup.minecraft.dye":140,"stat.pickup.minecraft.planks":3,"stat.pickup.minecraft.reeds":13,"stat.mineBlock.natura.overworld_logs2":2,"stat.pickup.chisel.limestone2":10,"stat.pickup.minecraft.bed":1,"stat.pickup.flansmod.germansnowcoat":1,"stat.pickup.minecraft.wheat_seeds":7,"stat.pickup.minecraft.oak_stairs":2,"stat.mineBlock.minecraft.gravel":60,"stat.useItem.minecraft.stone_pickaxe":100,"stat.damageDealt":5577,"stat.sleepInBed":5,"stat.useItem.abyssalcraft.porkp":3,"stat.mineBlock.minecraft.dirt":26,"stat.killEntity.Pig":3,"stat.pickup.mysticalworld.silver_ore":1,"stat.pickup.techguns.itemshared":28,"stat.walkOneCm":470745,"stat.useItem.minecraft.torch":54,"stat.useItem.minecraft.chest":7,"stat.craftItem.mysticalworld.silk_thread":4,"stat.pickup.minecraft.stick":48,"stat.pickup.enderore.dust_ender":8,"stat.pickup.harvestcraft.greengrapeitem":5,"stat.pickup.mekanism.oreblock":26,"stat.pickup.minecraft.clay_ball":137,"stat.mineBlock.techguns.basicore":6,"stat.useItem.minecraft.cobblestone":96,"stat.craftItem.minecraft.crafting_table":5,"stat.useItem.minecraft.gravel":1,"stat.pickup.flansmod.balaclava":1,"stat.craftItem.natura.overworld_planks":4,"stat.pickup.flansmod.cloakergoggles":1,"stat.pickup.minecraft.log":47,"stat.mineBlock.galacticraftcore.basic_block_core":33,"stat.pickup.minecraft.iron_pickaxe":2,"stat.pickup.minecraft.tnt":5,"stat.mineBlock.natura.overworld_leaves2":1,"stat.pickup.abyssalcraft.porkp":1,"stat.pickup.harvestcraft.spiceleafitem":8,"stat.pickup.minecraft.stone":30,"stat.pickup.minecraft.hopper":1,"stat.pickup.minecraft.chicken":3,"stat.pickup.minecraft.sapling":9,"stat.pickup.minecraft.apple":6,"stat.killEntity.Skeleton":10,"stat.mineBlock.minecraft.tnt":7,"stat.pickup.thaumcraft.ore_cinnabar":6,"stat.craftItem.techguns.itemshared":4,"stat.mineBlock.minecraft.stonebrick":16,"stat.craftItem.minecraft.planks":76,"stat.killEntity.Chicken":3,"stat.pickup.astralsorcery.itemcraftingcomponent":1,"stat.mineBlock.forestry.resources":7,"stat.mobKills":33,"stat.useItem.minecraft.stonebrick":4,"stat.mineBlock.minecraft.log":14,"stat.craftItem.minecraft.shears":1,"stat.pickup.minecraft.quartz":2,"stat.pickup.minecraft.diamond":2,"stat.mineBlock.minecraft.leaves":6,"stat.pickup.minecraft.torch":36,"stat.sneakTime":2289,"stat.pickup.minecraft.wool":4,"stat.mineBlock.astralsorcery.blockcustomsandore":1,"stat.craftItem.abyssalcraft.porkp":3,"stat.mineBlock.harvestcraft.soggygarden":24,"stat.useItem.minecraft.wooden_axe":31,"stat.craftItem.minecraft.brick":3,"stat.mineBlock.minecraft.stone":318,"stat.mineBlock.immcraft.sticks":6,"stat.pickup.minecraft.chest":1,"stat.mineBlock.thaumcraft.ore_cinnabar":3}