{"stat.pickup.immersiveengineering.ore":11,"stat.pickup.immersive_energy.ore":3,"stat.leaveGame":2,"stat.craftItem.thermalfoundation.wrench":2,"stat.mineBlock.minecraft.cobblestone":13,"stat.mineBlock.thaumcraft.ore_quartz":3,"stat.pickup.minecraft.flint":1,"stat.craftItem.minecraft.stone_brick_stairs":8,"stat.pickup.forestry.resources":5,"stat.pickup.bigreactors.oreyellorite":1,"stat.swimOneCm":12788,"stat.climbOneCm":1814,"stat.useItem.minecraft.planks":240,"stat.mineBlock.thaumcraft.ore_amber":1,"stat.mineBlock.chisel.cobblestone2":6,"stat.mineBlock.immersiveengineering.ore":11,"stat.pickup.minecraft.porkchop":9,"stat.pickup.growthcraft.salt":1,"stat.pickup.harvestcraft.okraitem":2,"stat.useItem.minecraft.dirt":1,"stat.pickup.projectred-exploration.ore":21,"stat.useItem.minecraft.stone_slab2":43,"stat.pickup.harvestcraft.seaweeditem":1,"stat.craftItem.harvestcraft.fruitsaladitem":42,"stat.pickup.minecraft.sand":12,"stat.craftItem.minecraft.furnace":10,"stat.pickup.thermalfoundation.ore":15,"stat.craftItem.minecraft.stone_pickaxe":2,"stat.killEntity.Enderman":1,"stat.pickup.minecraft.cobblestone":658,"stat.pickup.harvestcraft.jicamaitem":2,"stat.mineBlock.minecraft.clay":7,"stat.mineBlock.chisel.limestone2":9,"stat.useItem.minecraft.stone_shovel":128,"stat.flyOneCm":34515,"stat.pickup.harvestcraft.cranberryitem":3,"stat.pickup.chisel.cobblestone2":6,"stat.mineBlock.minecraft.sand":12,"stat.useItem.thermaldynamics.duct_32":2,"stat.pickup.minecraft.redstone":158,"stat.mineBlock.minecraft.iron_ore":44,"stat.timeSinceDeath":278503,"stat.useItem.minecraft.iron_pickaxe":1203,"stat.pickup.integrateddynamics.on_the_dynamics_of_integration":1,"stat.craftItem.minecraft.wooden_pickaxe":2,"stat.pickup.harvestcraft.riceitem":1,"stat.mineBlock.chisel.marble2":10,"stat.pickup.techguns.basicore":13,"stat.mineBlock.thermalfoundation.ore":15,"stat.useItem.minecraft.oak_stairs":5,"stat.furnaceInteraction":96,"stat.pickup.enderio.block_enderman_skull":1,"stat.pickup.galacticraftcore.basic_block_core":19,"stat.useItem.minecraft.cooked_porkchop":9,"stat.mineBlock.minecraft.coal_ore":56,"stat.pickup.extrautils2.ingredients":4,"stat.craftItem.thermalfoundation.material":46,"stat.craftItem.minecraft.brick_block":2,"stat.pickup.harvestcraft.asparagusitem":3,"stat.pickup.minecraft.furnace":2,"stat.mineBlock.libvulpes.ore0":3,"stat.pickup.harvestcraft.brusselsproutitem":1,"stat.craftItem.mekanism.energytablet":4,"stat.craftItem.minecraft.stone_slab2":0,"stat.pickup.harvestcraft.mulberryitem":2,"stat.useItem.thermaldynamics.duct_0":9,"stat.craftItem.tconstruct.tooltables":2,"stat.craftItem.thermaldynamics.duct_32":12,"stat.pickup.thermaldynamics.duct_32":1,"stat.sprintOneCm":69817,"stat.craftItem.minecraft.stick":52,"stat.craftItem.minecraft.wooden_axe":2,"stat.pickup.minecraft.bone_block":19,"stat.mineBlock.mekanism.oreblock":40,"stat.pickup.ic2.resource":63,"stat.useItem.carryon.tile_item":3,"stat.pickup.brewcraft.hopsseeditem":1,"stat.craftItem.minecraft.stone":6,"stat.pickup.thaumcraft.nugget":3,"stat.pickup.railcraft.ore_metal_poor":136,"stat.pickup.dynamictrees.oakseed":13,"stat.mineBlock.immersive_energy.ore":2,"stat.useItem.natura.edibles":7,"stat.mineBlock.minecraft.oak_stairs":3,"stat.mineBlock.minecraft.planks":17,"stat.pickup.minecraft.egg":1,"stat.mineBlock.growthcraft.salt_ore":1,"stat.playOneMinute":278503,"stat.pickup.mysticalworld.aubergine_seed":1,"stat.craftItem.minecraft.iron_pickaxe":8,"stat.mineBlock.enderore.ore_ender":1,"stat.pickup.natura.overworld_seeds":1,"stat.mineBlock.forestry.leaves.default.0":1,"stat.pickup.chisel.marble2":10,"stat.mineBlock.minecraft.gold_ore":14,"stat.pickup.libvulpes.ore0":2,"stat.mineBlock.minecraft.tallgrass":37,"stat.diveOneCm":9343,"stat.pickup.minecraft.wheat":4,"stat.pickup.harvestcraft.cottonitem":1,"stat.chestOpened":136,"stat.pickup.tconstruct.tooltables":4,"stat.pickup.harvestcraft.kaleitem":1,"stat.craftItem.minecraft.piston":2,"stat.useItem.thermalfoundation.wrench":1,"stat.mineBlock.projectred-exploration.ore":22,"stat.pickup.minecraft.gravel":6,"stat.craftItem.mekanism.machineblock":2,"stat.craftItem.minecraft.cooked_porkchop":9,"stat.pickup.harvestcraft.tomatilloitem":2,"stat.mineBlock.abyssalcraft.nitreore":2,"stat.craftItem.minecraft.flint":2,"stat.craftItem.minecraft.coal":2,"stat.craftItem.thermalexpansion.machine":4,"stat.craftItem.harvestcraft.cuttingboarditem":2,"stat.craftItem.minecraft.iron_nugget":45,"stat.jump":1698,"stat.pickup.immcraft.rock":4,"stat.pickup.minecraft.coal":55,"stat.fallOneCm":13545,"stat.pickup.nuclearcraft.ore":19,"stat.craftItem.bonsaitrees.bonsaipot":4,"stat.pickup.harvestcraft.milletitem":4,"stat.crouchOneCm":1684,"stat.mineBlock.minecraft.chest":1,"stat.craftItem.minecraft.iron_ingot":41,"stat.craftItem.minecraft.chest":14,"stat.craftItem.minecraft.torch":92,"stat.pickup.minecraft.dirt":146,"stat.craftItem.minecraft.hopper":2,"stat.pickup.minecraft.iron_ore":48,"stat.pickup.minecraft.gold_ore":14,"stat.mineBlock.immcraft.rock":4,"stat.mineBlock.ic2.resource":63,"stat.mineBlock.tconstruct.tooltables":4,"stat.pickup.natura.edibles":7,"stat.mineBlock.nuclearcraft.ore":21,"stat.damageTaken":391,"stat.pickup.minecraft.leather":2,"stat.useItem.minecraft.stone_brick_stairs":3,"stat.mineBlock.mysticalworld.silver_ore":4,"stat.killEntity.techguns.ZombieMiner":2,"stat.mineBlock.minecraft.furnace":2,"stat.mineBlock.minecraft.torch":1,"stat.useItem.minecraft.wooden_pickaxe":3,"stat.pickup.minecraft.planks":17,"stat.pickup.minecraft.reeds":7,"stat.pickup.chisel.limestone2":9,"stat.pickup.minecraft.wheat_seeds":4,"stat.pickup.techguns.t1_miner_chestplate":1,"stat.pickup.minecraft.oak_stairs":3,"stat.mineBlock.minecraft.gravel":7,"stat.useItem.minecraft.stone_pickaxe":131,"stat.useItem.harvestcraft.fruitsaladitem":9,"stat.craftItem.minecraft.glass":12,"stat.damageDealt":888,"stat.pickup.growthcraft_milk.thistle_seed":1,"stat.craftItem.minecraft.oak_stairs":8,"stat.mineBlock.minecraft.dirt":146,"stat.killEntity.Pig":3,"stat.craftItem.minecraft.stone_shovel":2,"stat.pickup.mysticalworld.silver_ore":4,"stat.pickup.techguns.itemshared":3,"stat.walkOneCm":712932,"stat.useItem.minecraft.torch":91,"stat.useItem.minecraft.chest":1,"stat.pickup.minecraft.stick":9,"stat.pickup.enderore.dust_ender":2,"stat.pickup.harvestcraft.greengrapeitem":3,"stat.pickup.mekanism.oreblock":40,"stat.pickup.minecraft.clay_ball":28,"stat.useItem.minecraft.cobblestone":35,"stat.mineBlock.techguns.basicore":13,"stat.craftItem.minecraft.crafting_table":2,"stat.craftItem.thermaldynamics.servo":4,"stat.mineBlock.minecraft.double_plant":1,"stat.craftItem.mekanism.ingot":10,"stat.pickup.extraplanets.ore_lead":7,"stat.pickup.minecraft.log":73,"stat.mineBlock.railcraft.ore_metal_poor":137,"stat.mineBlock.galacticraftcore.basic_block_core":19,"stat.craftItem.mekanismgenerators.generator":4,"stat.pickup.harvestcraft.spiceleafitem":1,"stat.craftItem.minecraft.gold_ingot":8,"stat.pickup.minecraft.stone":66,"stat.craftItem.chisel.chisel_iron":2,"stat.pickup.minecraft.sapling":4,"stat.pickup.thaumcraft.ore_cinnabar":2,"stat.craftItem.minecraft.planks":472,"stat.mineBlock.forestry.resources":6,"stat.mineBlock.extraplanets.ore_lead":7,"stat.mobKills":6,"stat.mineBlock.minecraft.log":40,"stat.craftItem.minecraft.wooden_door":6,"stat.pickup.minecraft.quartz":3,"stat.craftItem.thermaldynamics.duct_0":24,"stat.mineBlock.bigreactors.oreyellorite":1,"stat.useItem.minecraft.wooden_door":1,"stat.pickup.minecraft.torch":1,"stat.useItem.thermaldynamics.servo":1,"stat.craftItem.thermalexpansion.frame":4,"stat.mineBlock.minecraft.redstone_ore":35,"stat.useItem.chisel.cobblestone2":437,"stat.sneakTime":768,"stat.pickup.thaumcraft.amber":2,"stat.mineBlock.minecraft.bone_block":19,"stat.mineBlock.harvestcraft.soggygarden":9,"stat.useItem.minecraft.wooden_axe":48,"stat.craftItem.minecraft.brick":14,"stat.mineBlock.minecraft.stone":747,"stat.pickup.minecraft.chest":1,"stat.mineBlock.thaumcraft.ore_cinnabar":2}