<?xml version="1.0" encoding="UTF-8" standalone="no"?>
<galaxy>
    <star blackHole="false" name="Sol" numGasGiants="0" numPlanets="0" size="1.0" temp="100" x="0" y="0">
        <planet DIMID="0" dimMapping="" name="Earth">
            <isKnown>true</isKnown>
            <fogColor>1.0,1.0,1.0</fogColor>
            <skyColor>1.0,1.0,1.0</skyColor>
            <gravitationalMultiplier>100</gravitationalMultiplier>
            <orbitalDistance>100</orbitalDistance>
            <orbitalTheta>0</orbitalTheta>
            <orbitalPhi>0</orbitalPhi>
            <avgTemperature>287</avgTemperature>
            <rotationalPeriod>24000</rotationalPeriod>
            <atmosphereDensity>100</atmosphereDensity>
            <generateCraters>false</generateCraters>
            <generateVolcanos>false</generateVolcanos>
            <generateStructures>false</generateStructures>
            <generateGeodes>false</generateGeodes>
            <planet DIMID="4" name="Luna">
                <isKnown>false</isKnown>
                <fogColor>1.0,1.0,1.0</fogColor>
                <skyColor>1.0,1.0,1.0</skyColor>
                <gravitationalMultiplier>16</gravitationalMultiplier>
                <orbitalDistance>150</orbitalDistance>
                <orbitalTheta>0</orbitalTheta>
                <orbitalPhi>0</orbitalPhi>
                <avgTemperature>208</avgTemperature>
                <rotationalPeriod>128000</rotationalPeriod>
                <atmosphereDensity>0</atmosphereDensity>
                <generateCraters>true</generateCraters>
                <generateVolcanos>false</generateVolcanos>
                <generateStructures>false</generateStructures>
                <generateGeodes>false</generateGeodes>
                <craterFrequencyMultiplier>1.0</craterFrequencyMultiplier>
                <biomeIds>advancedrocketry:moon,advancedrocketry:moondark</biomeIds>
            </planet>
        </planet>
        <planet DIMID="19" name="Sol-19">
            <isKnown>false</isKnown>
            <fogColor>1.0,1.0,1.0</fogColor>
            <skyColor>0.8,0.9758196,0.28328913</skyColor>
            <gravitationalMultiplier>130</gravitationalMultiplier>
            <orbitalDistance>47</orbitalDistance>
            <orbitalTheta>87</orbitalTheta>
            <orbitalPhi>-81</orbitalPhi>
            <avgTemperature>419</avgTemperature>
            <rotationalPeriod>10923</rotationalPeriod>
            <atmosphereDensity>144</atmosphereDensity>
            <generateCraters>false</generateCraters>
            <generateVolcanos>false</generateVolcanos>
            <generateStructures>true</generateStructures>
            <generateGeodes>true</generateGeodes>
            <geodefrequencyMultiplier>1.0</geodefrequencyMultiplier>
            <biomeIds>minecraft:desert_hills</biomeIds>
            <planet DIMID="20" name="Sol-19: 0">
                <isKnown>false</isKnown>
                <fogColor>1.0,1.0,1.0</fogColor>
                <skyColor>0.8,0.60685915,0.9585983</skyColor>
                <gravitationalMultiplier>40</gravitationalMultiplier>
                <orbitalDistance>133</orbitalDistance>
                <orbitalTheta>168</orbitalTheta>
                <orbitalPhi>-35</orbitalPhi>
                <avgTemperature>221</avgTemperature>
                <rotationalPeriod>375000</rotationalPeriod>
                <atmosphereDensity>13</atmosphereDensity>
                <generateCraters>true</generateCraters>
                <generateVolcanos>false</generateVolcanos>
                <generateStructures>false</generateStructures>
                <generateGeodes>false</generateGeodes>
                <craterFrequencyMultiplier>1.0</craterFrequencyMultiplier>
                <biomeIds>advancedrocketry:moon,advancedrocketry:moondark</biomeIds>
            </planet>
            <planet DIMID="21" name="Sol-19: 1">
                <isKnown>false</isKnown>
                <fogColor>1.0,1.0,1.0</fogColor>
                <skyColor>0.8,0.85223985,0.9752146</skyColor>
                <gravitationalMultiplier>67</gravitationalMultiplier>
                <orbitalDistance>159</orbitalDistance>
                <orbitalTheta>156</orbitalTheta>
                <orbitalPhi>-90</orbitalPhi>
                <avgTemperature>202</avgTemperature>
                <rotationalPeriod>79797</rotationalPeriod>
                <atmosphereDensity>20</atmosphereDensity>
                <generateCraters>true</generateCraters>
                <generateVolcanos>false</generateVolcanos>
                <generateStructures>false</generateStructures>
                <generateGeodes>false</generateGeodes>
                <craterFrequencyMultiplier>1.0</craterFrequencyMultiplier>
                <seaLevel>76</seaLevel>
                <biomeIds>advancedrocketry:moon,advancedrocketry:moondark</biomeIds>
                <oceanBlock>advancedrocketry:oxygenfluid</oceanBlock>
            </planet>
        </planet>
        <planet DIMID="5" name="Sol-5">
            <isKnown>false</isKnown>
            <GasGiant>true</GasGiant>
            <gas>hydrogen</gas>
            <gas>nitrogen</gas>
            <gas>oxygen</gas>
            <fogColor>1.0,1.0,1.0</fogColor>
            <skyColor>1.0,1.0,1.0</skyColor>
            <gravitationalMultiplier>114</gravitationalMultiplier>
            <orbitalDistance>240</orbitalDistance>
            <orbitalTheta>0</orbitalTheta>
            <orbitalPhi>0</orbitalPhi>
            <avgTemperature>185</avgTemperature>
            <rotationalPeriod>24000</rotationalPeriod>
            <atmosphereDensity>193</atmosphereDensity>
            <generateCraters>false</generateCraters>
            <generateVolcanos>false</generateVolcanos>
            <generateStructures>false</generateStructures>
            <generateGeodes>false</generateGeodes>
        </planet>
        <planet DIMID="6" name="Sol-6">
            <isKnown>false</isKnown>
            <fogColor>1.0,1.0,1.0</fogColor>
            <skyColor>0.8,0.55137306,0.0</skyColor>
            <gravitationalMultiplier>130</gravitationalMultiplier>
            <orbitalDistance>2</orbitalDistance>
            <orbitalTheta>87</orbitalTheta>
            <orbitalPhi>-51</orbitalPhi>
            <avgTemperature>2035</avgTemperature>
            <rotationalPeriod>10923</rotationalPeriod>
            <atmosphereDensity>172</atmosphereDensity>
            <generateCraters>false</generateCraters>
            <generateVolcanos>true</generateVolcanos>
            <generateStructures>false</generateStructures>
            <generateGeodes>true</generateGeodes>
            <volcanoFrequencyMultiplier>1.0</volcanoFrequencyMultiplier>
            <geodefrequencyMultiplier>1.0</geodefrequencyMultiplier>
            <biomeIds>advancedrocketry:hotdryrock,advancedrocketry:volcanic,advancedrocketry:volcanicbarren</biomeIds>
            <planet DIMID="8" name="Sol-6: 0">
                <isKnown>false</isKnown>
                <fogColor>1.0,1.0,1.0</fogColor>
                <skyColor>0.8,0.64955246,1.0</skyColor>
                <gravitationalMultiplier>86</gravitationalMultiplier>
                <orbitalDistance>183</orbitalDistance>
                <orbitalTheta>227</orbitalTheta>
                <orbitalPhi>-135</orbitalPhi>
                <avgTemperature>189</avgTemperature>
                <rotationalPeriod>37732</rotationalPeriod>
                <atmosphereDensity>15</atmosphereDensity>
                <generateCraters>true</generateCraters>
                <generateVolcanos>false</generateVolcanos>
                <generateStructures>false</generateStructures>
                <generateGeodes>false</generateGeodes>
                <craterFrequencyMultiplier>1.0</craterFrequencyMultiplier>
                <biomeIds>advancedrocketry:moon,advancedrocketry:moondark</biomeIds>
            </planet>
            <planet DIMID="9" name="Sol-6: 1">
                <isKnown>false</isKnown>
                <fogColor>1.0,1.0,1.0</fogColor>
                <skyColor>0.8,0.6260784,0.9250338</skyColor>
                <gravitationalMultiplier>72</gravitationalMultiplier>
                <orbitalDistance>126</orbitalDistance>
                <orbitalTheta>236</orbitalTheta>
                <orbitalPhi>-31</orbitalPhi>
                <avgTemperature>227</avgTemperature>
                <rotationalPeriod>64300</rotationalPeriod>
                <atmosphereDensity>19</atmosphereDensity>
                <generateCraters>true</generateCraters>
                <generateVolcanos>false</generateVolcanos>
                <generateStructures>false</generateStructures>
                <generateGeodes>false</generateGeodes>
                <craterFrequencyMultiplier>1.0</craterFrequencyMultiplier>
                <biomeIds>advancedrocketry:moon,advancedrocketry:moondark</biomeIds>
            </planet>
            <planet DIMID="10" name="Sol-6: 2">
                <isKnown>false</isKnown>
                <fogColor>1.0,1.0,1.0</fogColor>
                <skyColor>0.8,0.746696,0.9687356</skyColor>
                <gravitationalMultiplier>47</gravitationalMultiplier>
                <orbitalDistance>169</orbitalDistance>
                <orbitalTheta>300</orbitalTheta>
                <orbitalPhi>-238</orbitalPhi>
                <avgTemperature>196</avgTemperature>
                <rotationalPeriod>231162</rotationalPeriod>
                <atmosphereDensity>26</atmosphereDensity>
                <generateCraters>true</generateCraters>
                <generateVolcanos>false</generateVolcanos>
                <generateStructures>false</generateStructures>
                <generateGeodes>false</generateGeodes>
                <craterFrequencyMultiplier>1.0</craterFrequencyMultiplier>
                <biomeIds>minecraft:ice_flats</biomeIds>
            </planet>
            <oceanBlock>minecraft:lava</oceanBlock>
        </planet>
        <planet DIMID="22" name="Sol-22">
            <isKnown>false</isKnown>
            <fogColor>1.0,1.0,1.0</fogColor>
            <skyColor>0.8,0.6004485,0.912038</skyColor>
            <gravitationalMultiplier>130</gravitationalMultiplier>
            <orbitalDistance>119</orbitalDistance>
            <orbitalTheta>284</orbitalTheta>
            <orbitalPhi>69</orbitalPhi>
            <avgTemperature>234</avgTemperature>
            <rotationalPeriod>10923</rotationalPeriod>
            <atmosphereDensity>0</atmosphereDensity>
            <generateCraters>true</generateCraters>
            <generateVolcanos>false</generateVolcanos>
            <generateStructures>false</generateStructures>
            <generateGeodes>false</generateGeodes>
            <craterFrequencyMultiplier>1.0</craterFrequencyMultiplier>
            <biomeIds>advancedrocketry:moon,advancedrocketry:moondark</biomeIds>
        </planet>
        <planet DIMID="23" name="Sol-23">
            <isKnown>false</isKnown>
            <fogColor>1.0,1.0,1.0</fogColor>
            <skyColor>0.8,0.55001533,0.6800109</skyColor>
            <gravitationalMultiplier>95</gravitationalMultiplier>
            <orbitalDistance>102</orbitalDistance>
            <orbitalTheta>118</orbitalTheta>
            <orbitalPhi>-204</orbitalPhi>
            <avgTemperature>284</avgTemperature>
            <rotationalPeriod>27992</rotationalPeriod>
            <atmosphereDensity>175</atmosphereDensity>
            <generateCraters>false</generateCraters>
            <generateVolcanos>false</generateVolcanos>
            <generateStructures>true</generateStructures>
            <generateGeodes>true</generateGeodes>
            <geodefrequencyMultiplier>1.0</geodefrequencyMultiplier>
            <biomeIds>biomesoplenty:tropical_island,biomesoplenty:redwood_forest_edge,biomesoplenty:corrupted_sands,biomesoplenty:coral_reef,biomesoplenty:gravel_beach</biomeIds>
        </planet>
        <planet DIMID="24" name="Sol-24">
            <isKnown>false</isKnown>
            <fogColor>1.0,1.0,1.0</fogColor>
            <skyColor>0.8,0.73277885,0.65100634</skyColor>
            <gravitationalMultiplier>115</gravitationalMultiplier>
            <orbitalDistance>100</orbitalDistance>
            <orbitalTheta>17</orbitalTheta>
            <orbitalPhi>-120</orbitalPhi>
            <avgTemperature>287</avgTemperature>
            <rotationalPeriod>15780</rotationalPeriod>
            <atmosphereDensity>145</atmosphereDensity>
            <generateCraters>false</generateCraters>
            <generateVolcanos>false</generateVolcanos>
            <generateStructures>true</generateStructures>
            <generateGeodes>true</generateGeodes>
            <geodefrequencyMultiplier>1.0</geodefrequencyMultiplier>
            <seaLevel>45</seaLevel>
            <biomeIds>biomesoplenty:flower_island,biomesoplenty:brushland,abyssalcraft:abyssal_wastelands,minecraft:mutated_jungle,minecraft:mutated_extreme_hills_with_trees</biomeIds>
            <planet DIMID="25" name="Sol-24: 0">
                <isKnown>false</isKnown>
                <fogColor>1.0,1.0,1.0</fogColor>
                <skyColor>0.8,0.5328803,0.97406363</skyColor>
                <gravitationalMultiplier>34</gravitationalMultiplier>
                <orbitalDistance>139</orbitalDistance>
                <orbitalTheta>292</orbitalTheta>
                <orbitalPhi>-303</orbitalPhi>
                <avgTemperature>217</avgTemperature>
                <rotationalPeriod>610624</rotationalPeriod>
                <atmosphereDensity>25</atmosphereDensity>
                <generateCraters>true</generateCraters>
                <generateVolcanos>false</generateVolcanos>
                <generateStructures>false</generateStructures>
                <generateGeodes>false</generateGeodes>
                <craterFrequencyMultiplier>1.0</craterFrequencyMultiplier>
                <biomeIds>advancedrocketry:moon,advancedrocketry:moondark</biomeIds>
            </planet>
        </planet>
        <planet DIMID="26" name="Sol-26">
            <isKnown>false</isKnown>
            <fogColor>1.0,1.0,1.0</fogColor>
            <skyColor>0.8,0.93309474,0.5453423</skyColor>
            <gravitationalMultiplier>130</gravitationalMultiplier>
            <orbitalDistance>63</orbitalDistance>
            <orbitalTheta>293</orbitalTheta>
            <orbitalPhi>-167</orbitalPhi>
            <avgTemperature>322</avgTemperature>
            <rotationalPeriod>10923</rotationalPeriod>
            <atmosphereDensity>7</atmosphereDensity>
            <generateCraters>true</generateCraters>
            <generateVolcanos>false</generateVolcanos>
            <generateStructures>false</generateStructures>
            <generateGeodes>false</generateGeodes>
            <craterFrequencyMultiplier>1.0</craterFrequencyMultiplier>
            <biomeIds>advancedrocketry:moon,advancedrocketry:moondark</biomeIds>
            <planet DIMID="27" name="Sol-26: 0">
                <isKnown>false</isKnown>
                <fogColor>1.0,1.0,1.0</fogColor>
                <skyColor>0.8,0.5664145,0.83998454</skyColor>
                <gravitationalMultiplier>80</gravitationalMultiplier>
                <orbitalDistance>97</orbitalDistance>
                <orbitalTheta>164</orbitalTheta>
                <orbitalPhi>-134</orbitalPhi>
                <avgTemperature>259</avgTemperature>
                <rotationalPeriod>46875</rotationalPeriod>
                <atmosphereDensity>16</atmosphereDensity>
                <generateCraters>true</generateCraters>
                <generateVolcanos>false</generateVolcanos>
                <generateStructures>false</generateStructures>
                <generateGeodes>false</generateGeodes>
                <craterFrequencyMultiplier>1.0</craterFrequencyMultiplier>
                <biomeIds>advancedrocketry:moon,advancedrocketry:moondark</biomeIds>
            </planet>
            <planet DIMID="28" name="Sol-26: 1">
                <isKnown>false</isKnown>
                <fogColor>1.0,1.0,1.0</fogColor>
                <skyColor>0.8,0.7714506,0.9445612</skyColor>
                <gravitationalMultiplier>58</gravitationalMultiplier>
                <orbitalDistance>144</orbitalDistance>
                <orbitalTheta>224</orbitalTheta>
                <orbitalPhi>-297</orbitalPhi>
                <avgTemperature>213</avgTemperature>
                <rotationalPeriod>116857</rotationalPeriod>
                <atmosphereDensity>21</atmosphereDensity>
                <generateCraters>true</generateCraters>
                <generateVolcanos>false</generateVolcanos>
                <generateStructures>false</generateStructures>
                <generateGeodes>false</generateGeodes>
                <craterFrequencyMultiplier>1.0</craterFrequencyMultiplier>
                <seaLevel>81</seaLevel>
                <biomeIds>advancedrocketry:moon,advancedrocketry:moondark</biomeIds>
            </planet>
            <planet DIMID="29" name="Sol-26: 2">
                <isKnown>false</isKnown>
                <fogColor>1.0,1.0,1.0</fogColor>
                <skyColor>0.8,0.61271685,0.9906094</skyColor>
                <gravitationalMultiplier>86</gravitationalMultiplier>
                <orbitalDistance>183</orbitalDistance>
                <orbitalTheta>111</orbitalTheta>
                <orbitalPhi>225</orbitalPhi>
                <avgTemperature>189</avgTemperature>
                <rotationalPeriod>37732</rotationalPeriod>
                <atmosphereDensity>21</atmosphereDensity>
                <generateCraters>true</generateCraters>
                <generateVolcanos>false</generateVolcanos>
                <generateStructures>false</generateStructures>
                <generateGeodes>false</generateGeodes>
                <craterFrequencyMultiplier>1.0</craterFrequencyMultiplier>
                <seaLevel>72</seaLevel>
                <biomeIds>advancedrocketry:moon,advancedrocketry:moondark</biomeIds>
                <oceanBlock>advancedrocketry:oxygenfluid</oceanBlock>
            </planet>
        </planet>
        <planet DIMID="11" name="Sol-11">
            <isKnown>false</isKnown>
            <fogColor>1.0,1.0,1.0</fogColor>
            <skyColor>0.8,0.64037395,0.8032094</skyColor>
            <gravitationalMultiplier>95</gravitationalMultiplier>
            <orbitalDistance>125</orbitalDistance>
            <orbitalTheta>316</orbitalTheta>
            <orbitalPhi>-51</orbitalPhi>
            <avgTemperature>257</avgTemperature>
            <rotationalPeriod>27992</rotationalPeriod>
            <atmosphereDensity>111</atmosphereDensity>
            <generateCraters>false</generateCraters>
            <generateVolcanos>false</generateVolcanos>
            <generateStructures>true</generateStructures>
            <generateGeodes>false</generateGeodes>
            <biomeIds>advancedrocketry:oceanspires,twilightforest:twilight_lake,buildcraftenergy:oil_ocean,biomesoplenty:chaparral,minecraft:mutated_forest</biomeIds>
        </planet>
        <planet DIMID="12" name="Sol-12">
            <isKnown>false</isKnown>
            <fogColor>1.0,1.0,1.0</fogColor>
            <skyColor>0.8,0.558027,0.88225085</skyColor>
            <gravitationalMultiplier>130</gravitationalMultiplier>
            <orbitalDistance>126</orbitalDistance>
            <orbitalTheta>70</orbitalTheta>
            <orbitalPhi>-218</orbitalPhi>
            <avgTemperature>227</avgTemperature>
            <rotationalPeriod>10923</rotationalPeriod>
            <atmosphereDensity>63</atmosphereDensity>
            <generateCraters>true</generateCraters>
            <generateVolcanos>false</generateVolcanos>
            <generateStructures>false</generateStructures>
            <generateGeodes>false</generateGeodes>
            <craterFrequencyMultiplier>1.0</craterFrequencyMultiplier>
            <seaLevel>44</seaLevel>
            <biomeIds>minecraft:ice_flats</biomeIds>
            <planet DIMID="13" name="Sol-12: 0">
                <isKnown>false</isKnown>
                <fogColor>1.0,1.0,1.0</fogColor>
                <skyColor>0.8,0.703838,0.92209965</skyColor>
                <gravitationalMultiplier>57</gravitationalMultiplier>
                <orbitalDistance>131</orbitalDistance>
                <orbitalTheta>241</orbitalTheta>
                <orbitalPhi>128</orbitalPhi>
                <avgTemperature>223</avgTemperature>
                <rotationalPeriod>129594</rotationalPeriod>
                <atmosphereDensity>21</atmosphereDensity>
                <generateCraters>true</generateCraters>
                <generateVolcanos>false</generateVolcanos>
                <generateStructures>false</generateStructures>
                <generateGeodes>false</generateGeodes>
                <craterFrequencyMultiplier>1.0</craterFrequencyMultiplier>
                <seaLevel>73</seaLevel>
                <biomeIds>advancedrocketry:moon,advancedrocketry:moondark</biomeIds>
                <oceanBlock>advancedrocketry:oxygenfluid</oceanBlock>
            </planet>
            <planet DIMID="14" name="Sol-12: 1">
                <isKnown>false</isKnown>
                <fogColor>1.0,1.0,1.0</fogColor>
                <skyColor>0.8,0.60366344,0.8906084</skyColor>
                <gravitationalMultiplier>62</gravitationalMultiplier>
                <orbitalDistance>125</orbitalDistance>
                <orbitalTheta>324</orbitalTheta>
                <orbitalPhi>-47</orbitalPhi>
                <avgTemperature>228</avgTemperature>
                <rotationalPeriod>100701</rotationalPeriod>
                <atmosphereDensity>36</atmosphereDensity>
                <generateCraters>true</generateCraters>
                <generateVolcanos>false</generateVolcanos>
                <generateStructures>false</generateStructures>
                <generateGeodes>false</generateGeodes>
                <craterFrequencyMultiplier>1.0</craterFrequencyMultiplier>
                <seaLevel>46</seaLevel>
                <biomeIds>minecraft:mesa_clear_rock,biomesoplenty:bayou,biomesoplenty:visceral_heap,minecraft:deep_ocean,biomesoplenty:coral_reef</biomeIds>
            </planet>
        </planet>
        <planet DIMID="15" name="Sol-15">
            <isKnown>false</isKnown>
            <fogColor>1.0,1.0,1.0</fogColor>
            <skyColor>0.8,0.72701144,0.81839794</skyColor>
            <gravitationalMultiplier>101</gravitationalMultiplier>
            <orbitalDistance>123</orbitalDistance>
            <orbitalTheta>0</orbitalTheta>
            <orbitalPhi>-247</orbitalPhi>
            <avgTemperature>259</avgTemperature>
            <rotationalPeriod>23294</rotationalPeriod>
            <atmosphereDensity>171</atmosphereDensity>
            <generateCraters>false</generateCraters>
            <generateVolcanos>false</generateVolcanos>
            <generateStructures>true</generateStructures>
            <generateGeodes>true</generateGeodes>
            <geodefrequencyMultiplier>1.0</geodefrequencyMultiplier>
            <biomeIds>biomesoplenty:bamboo_forest,biomesoplenty:eucalyptus_forest,twilightforest:thornlands,minecraft:redwood_taiga,biomesoplenty:white_beach</biomeIds>
            <planet DIMID="16" name="Sol-15: 0">
                <isKnown>false</isKnown>
                <fogColor>1.0,1.0,1.0</fogColor>
                <skyColor>0.8,0.55613196,1.0</skyColor>
                <gravitationalMultiplier>44</gravitationalMultiplier>
                <orbitalDistance>191</orbitalDistance>
                <orbitalTheta>36</orbitalTheta>
                <orbitalPhi>115</orbitalPhi>
                <avgTemperature>185</avgTemperature>
                <rotationalPeriod>281743</rotationalPeriod>
                <atmosphereDensity>17</atmosphereDensity>
                <generateCraters>true</generateCraters>
                <generateVolcanos>false</generateVolcanos>
                <generateStructures>false</generateStructures>
                <generateGeodes>false</generateGeodes>
                <craterFrequencyMultiplier>1.0</craterFrequencyMultiplier>
                <biomeIds>advancedrocketry:moon,advancedrocketry:moondark</biomeIds>
            </planet>
            <planet DIMID="17" name="Sol-15: 1">
                <isKnown>false</isKnown>
                <fogColor>1.0,1.0,1.0</fogColor>
                <skyColor>0.8,0.81514895,0.842556</skyColor>
                <gravitationalMultiplier>42</gravitationalMultiplier>
                <orbitalDistance>121</orbitalDistance>
                <orbitalTheta>277</orbitalTheta>
                <orbitalPhi>-42</orbitalPhi>
                <avgTemperature>232</avgTemperature>
                <rotationalPeriod>323939</rotationalPeriod>
                <atmosphereDensity>36</atmosphereDensity>
                <generateCraters>true</generateCraters>
                <generateVolcanos>false</generateVolcanos>
                <generateStructures>false</generateStructures>
                <generateGeodes>false</generateGeodes>
                <craterFrequencyMultiplier>1.0</craterFrequencyMultiplier>
                <biomeIds>biomesoplenty:wetland,minecraft:mutated_roofed_forest,biomesoplenty:origin_beach,minecraft:extreme_hills,biomesoplenty:coral_reef</biomeIds>
            </planet>
            <planet DIMID="18" name="Sol-15: 2">
                <isKnown>false</isKnown>
                <fogColor>1.0,1.0,1.0</fogColor>
                <skyColor>0.8,0.6261848,1.0</skyColor>
                <gravitationalMultiplier>63</gravitationalMultiplier>
                <orbitalDistance>179</orbitalDistance>
                <orbitalTheta>335</orbitalTheta>
                <orbitalPhi>105</orbitalPhi>
                <avgTemperature>191</avgTemperature>
                <rotationalPeriod>95981</rotationalPeriod>
                <atmosphereDensity>15</atmosphereDensity>
                <generateCraters>true</generateCraters>
                <generateVolcanos>false</generateVolcanos>
                <generateStructures>false</generateStructures>
                <generateGeodes>false</generateGeodes>
                <craterFrequencyMultiplier>1.0</craterFrequencyMultiplier>
                <seaLevel>76</seaLevel>
                <biomeIds>advancedrocketry:moon,advancedrocketry:moondark</biomeIds>
                <oceanBlock>advancedrocketry:oxygenfluid</oceanBlock>
            </planet>
        </planet>
    </star>
    <star blackHole="false" name="Wolf 12" numGasGiants="0" numPlanets="0" size="1.0" temp="10" x="300" y="-200">
        <planet DIMID="33" name="Sol-33">
            <isKnown>false</isKnown>
            <fogColor>1.0,1.0,1.0</fogColor>
            <skyColor>0.27103227,0.7152711,1.0</skyColor>
            <gravitationalMultiplier>130</gravitationalMultiplier>
            <orbitalDistance>180</orbitalDistance>
            <orbitalTheta>271</orbitalTheta>
            <orbitalPhi>-203</orbitalPhi>
            <avgTemperature>19</avgTemperature>
            <rotationalPeriod>10923</rotationalPeriod>
            <atmosphereDensity>68</atmosphereDensity>
            <generateCraters>true</generateCraters>
            <generateVolcanos>false</generateVolcanos>
            <generateStructures>false</generateStructures>
            <generateGeodes>false</generateGeodes>
            <craterFrequencyMultiplier>1.0</craterFrequencyMultiplier>
            <biomeIds>dimdoors:dangerous_black_void,abyssalcraft:dreadlands_mountains,minecraft:jungle,biomesoplenty:woodland,thaumcraft:magical_forest</biomeIds>
            <planet DIMID="34" name="Sol-33: 0">
                <isKnown>false</isKnown>
                <fogColor>1.0,1.0,1.0</fogColor>
                <skyColor>0.35764694,0.7576753,1.0</skyColor>
                <gravitationalMultiplier>79</gravitationalMultiplier>
                <orbitalDistance>158</orbitalDistance>
                <orbitalTheta>52</orbitalTheta>
                <orbitalPhi>-268</orbitalPhi>
                <avgTemperature>20</avgTemperature>
                <rotationalPeriod>48677</rotationalPeriod>
                <atmosphereDensity>22</atmosphereDensity>
                <generateCraters>true</generateCraters>
                <generateVolcanos>false</generateVolcanos>
                <generateStructures>false</generateStructures>
                <generateGeodes>false</generateGeodes>
                <craterFrequencyMultiplier>1.0</craterFrequencyMultiplier>
                <biomeIds>advancedrocketry:moon,advancedrocketry:moondark</biomeIds>
            </planet>
            <planet DIMID="35" name="Sol-33: 1">
                <isKnown>false</isKnown>
                <fogColor>1.0,1.0,1.0</fogColor>
                <skyColor>0.3567863,0.59768534,1.0</skyColor>
                <gravitationalMultiplier>68</gravitationalMultiplier>
                <orbitalDistance>112</orbitalDistance>
                <orbitalTheta>12</orbitalTheta>
                <orbitalPhi>123</orbitalPhi>
                <avgTemperature>24</avgTemperature>
                <rotationalPeriod>76328</rotationalPeriod>
                <atmosphereDensity>23</atmosphereDensity>
                <generateCraters>true</generateCraters>
                <generateVolcanos>false</generateVolcanos>
                <generateStructures>false</generateStructures>
                <generateGeodes>false</generateGeodes>
                <craterFrequencyMultiplier>1.0</craterFrequencyMultiplier>
                <biomeIds>advancedrocketry:moon,advancedrocketry:moondark</biomeIds>
            </planet>
        </planet>
        <planet DIMID="36" name="Sol-36">
            <isKnown>false</isKnown>
            <fogColor>1.0,1.0,1.0</fogColor>
            <skyColor>0.328726,0.6083614,1.0</skyColor>
            <gravitationalMultiplier>116</gravitationalMultiplier>
            <orbitalDistance>78</orbitalDistance>
            <orbitalTheta>49</orbitalTheta>
            <orbitalPhi>-205</orbitalPhi>
            <avgTemperature>32</avgTemperature>
            <rotationalPeriod>15375</rotationalPeriod>
            <atmosphereDensity>160</atmosphereDensity>
            <generateCraters>false</generateCraters>
            <generateVolcanos>false</generateVolcanos>
            <generateStructures>false</generateStructures>
            <generateGeodes>true</generateGeodes>
            <geodefrequencyMultiplier>1.0</geodefrequencyMultiplier>
            <biomeIds>minecraft:birch_forest,minecraft:roofed_forest,abyssalcraft:purified_dreadlands,biomesoplenty:mountain_foothills,twilightforest:mushroom_forest</biomeIds>
            <planet DIMID="37" name="Sol-36: 0">
                <isKnown>false</isKnown>
                <fogColor>1.0,1.0,1.0</fogColor>
                <skyColor>0.26384622,0.814817,1.0</skyColor>
                <gravitationalMultiplier>36</gravitationalMultiplier>
                <orbitalDistance>161</orbitalDistance>
                <orbitalTheta>128</orbitalTheta>
                <orbitalPhi>-169</orbitalPhi>
                <avgTemperature>20</avgTemperature>
                <rotationalPeriod>514403</rotationalPeriod>
                <atmosphereDensity>24</atmosphereDensity>
                <generateCraters>true</generateCraters>
                <generateVolcanos>false</generateVolcanos>
                <generateStructures>false</generateStructures>
                <generateGeodes>false</generateGeodes>
                <craterFrequencyMultiplier>1.0</craterFrequencyMultiplier>
                <biomeIds>advancedrocketry:moon,advancedrocketry:moondark</biomeIds>
            </planet>
            <planet DIMID="38" name="Sol-36: 1">
                <isKnown>false</isKnown>
                <fogColor>1.0,1.0,1.0</fogColor>
                <skyColor>0.373532,0.57403326,1.0</skyColor>
                <gravitationalMultiplier>68</gravitationalMultiplier>
                <orbitalDistance>110</orbitalDistance>
                <orbitalTheta>185</orbitalTheta>
                <orbitalPhi>221</orbitalPhi>
                <avgTemperature>24</avgTemperature>
                <rotationalPeriod>76328</rotationalPeriod>
                <atmosphereDensity>35</atmosphereDensity>
                <generateCraters>true</generateCraters>
                <generateVolcanos>false</generateVolcanos>
                <generateStructures>false</generateStructures>
                <generateGeodes>false</generateGeodes>
                <craterFrequencyMultiplier>1.0</craterFrequencyMultiplier>
                <biomeIds>minecraft:smaller_extreme_hills,biomesoplenty:prairie,biomesoplenty:corrupted_sands,biomesoplenty:overgrown_cliffs,minecraft:mutated_roofed_forest</biomeIds>
            </planet>
            <planet DIMID="39" name="Sol-36: 2">
                <isKnown>false</isKnown>
                <fogColor>1.0,1.0,1.0</fogColor>
                <skyColor>0.3513522,0.7237448,1.0</skyColor>
                <gravitationalMultiplier>62</gravitationalMultiplier>
                <orbitalDistance>173</orbitalDistance>
                <orbitalTheta>325</orbitalTheta>
                <orbitalPhi>-343</orbitalPhi>
                <avgTemperature>19</avgTemperature>
                <rotationalPeriod>100701</rotationalPeriod>
                <atmosphereDensity>28</atmosphereDensity>
                <generateCraters>true</generateCraters>
                <generateVolcanos>false</generateVolcanos>
                <generateStructures>false</generateStructures>
                <generateGeodes>false</generateGeodes>
                <craterFrequencyMultiplier>1.0</craterFrequencyMultiplier>
                <biomeIds>biomesoplenty:origin_beach,biomesoplenty:lush_swamp,minecraft:deep_ocean,twilightforest:dense_twilight_forest,biomesoplenty:flower_island</biomeIds>
            </planet>
        </planet>
        <planet DIMID="40" name="Sol-40">
            <isKnown>false</isKnown>
            <fogColor>1.0,1.0,1.0</fogColor>
            <skyColor>0.38250482,0.6115994,1.0</skyColor>
            <gravitationalMultiplier>130</gravitationalMultiplier>
            <orbitalDistance>80</orbitalDistance>
            <orbitalTheta>286</orbitalTheta>
            <orbitalPhi>-240</orbitalPhi>
            <avgTemperature>28</avgTemperature>
            <rotationalPeriod>10923</rotationalPeriod>
            <atmosphereDensity>69</atmosphereDensity>
            <generateCraters>true</generateCraters>
            <generateVolcanos>false</generateVolcanos>
            <generateStructures>false</generateStructures>
            <generateGeodes>false</generateGeodes>
            <craterFrequencyMultiplier>1.0</craterFrequencyMultiplier>
            <biomeIds>minecraft:mutated_savanna,biomesoplenty:marsh,twilightforest:oak_savannah,galacticraftplanets:outer space 1,abyssalcraft:dreadlands</biomeIds>
            <planet DIMID="41" name="Sol-40: 0">
                <isKnown>false</isKnown>
                <fogColor>1.0,1.0,1.0</fogColor>
                <skyColor>0.3331269,0.73679256,1.0</skyColor>
                <gravitationalMultiplier>62</gravitationalMultiplier>
                <orbitalDistance>187</orbitalDistance>
                <orbitalTheta>48</orbitalTheta>
                <orbitalPhi>-66</orbitalPhi>
                <avgTemperature>18</avgTemperature>
                <rotationalPeriod>100701</rotationalPeriod>
                <atmosphereDensity>30</atmosphereDensity>
                <generateCraters>true</generateCraters>
                <generateVolcanos>false</generateVolcanos>
                <generateStructures>false</generateStructures>
                <generateGeodes>false</generateGeodes>
                <craterFrequencyMultiplier>1.0</craterFrequencyMultiplier>
                <seaLevel>49</seaLevel>
                <biomeIds>thaumcraft:eerie,abyssalcraft:darklands_plains,biomesoplenty:mystic_grove,minecraft:mutated_mesa,minecraft:extreme_hills</biomeIds>
            </planet>
            <planet DIMID="42" name="Sol-40: 1">
                <isKnown>false</isKnown>
                <fogColor>1.0,1.0,1.0</fogColor>
                <skyColor>0.2767794,0.67214346,1.0</skyColor>
                <gravitationalMultiplier>52</gravitationalMultiplier>
                <orbitalDistance>126</orbitalDistance>
                <orbitalTheta>316</orbitalTheta>
                <orbitalPhi>-315</orbitalPhi>
                <avgTemperature>22</avgTemperature>
                <rotationalPeriod>170687</rotationalPeriod>
                <atmosphereDensity>29</atmosphereDensity>
                <generateCraters>true</generateCraters>
                <generateVolcanos>false</generateVolcanos>
                <generateStructures>false</generateStructures>
                <generateGeodes>false</generateGeodes>
                <craterFrequencyMultiplier>1.0</craterFrequencyMultiplier>
                <biomeIds>biomesoplenty:wetland,twilightforest:dark_forest,twilightforest:fire_swamp,advancedrocketry:oceanspires,biomesoplenty:phantasmagoric_inferno</biomeIds>
            </planet>
        </planet>
        <planet DIMID="30" name="Sol-30">
            <isKnown>false</isKnown>
            <hasRings>true</hasRings>
            <ringColor>0.4371966,0.52363455,1.0</ringColor>
            <fogColor>1.0,1.0,1.0</fogColor>
            <skyColor>0.4371966,0.52363455,1.0</skyColor>
            <gravitationalMultiplier>113</gravitationalMultiplier>
            <orbitalDistance>33</orbitalDistance>
            <orbitalTheta>241</orbitalTheta>
            <orbitalPhi>-139</orbitalPhi>
            <avgTemperature>50</avgTemperature>
            <rotationalPeriod>16633</rotationalPeriod>
            <atmosphereDensity>187</atmosphereDensity>
            <generateCraters>false</generateCraters>
            <generateVolcanos>false</generateVolcanos>
            <generateStructures>false</generateStructures>
            <generateGeodes>true</generateGeodes>
            <geodefrequencyMultiplier>1.0</geodefrequencyMultiplier>
            <biomeIds>minecraft:mutated_roofed_forest,minecraft:extreme_hills,biomesoplenty:marsh,biomesoplenty:eucalyptus_forest,biomesoplenty:temperate_rainforest</biomeIds>
        </planet>
        <planet DIMID="31" name="Sol-31">
            <isKnown>false</isKnown>
            <fogColor>1.0,1.0,1.0</fogColor>
            <skyColor>0.37577802,0.53769594,1.0</skyColor>
            <gravitationalMultiplier>130</gravitationalMultiplier>
            <orbitalDistance>110</orbitalDistance>
            <orbitalTheta>29</orbitalTheta>
            <orbitalPhi>-172</orbitalPhi>
            <avgTemperature>24</avgTemperature>
            <rotationalPeriod>10923</rotationalPeriod>
            <atmosphereDensity>82</atmosphereDensity>
            <generateCraters>false</generateCraters>
            <generateVolcanos>false</generateVolcanos>
            <generateStructures>false</generateStructures>
            <generateGeodes>false</generateGeodes>
            <biomeIds>biomesoplenty:fungi_forest,minecraft:extreme_hills_with_trees,biomesoplenty:orchard,biomesoplenty:mangrove,biomesoplenty:corrupted_sands</biomeIds>
            <planet DIMID="32" name="Sol-31: 0">
                <isKnown>false</isKnown>
                <fogColor>1.0,1.0,1.0</fogColor>
                <skyColor>0.26486093,0.99614656,1.0</skyColor>
                <gravitationalMultiplier>49</gravitationalMultiplier>
                <orbitalDistance>166</orbitalDistance>
                <orbitalTheta>172</orbitalTheta>
                <orbitalPhi>26</orbitalPhi>
                <avgTemperature>19</avgTemperature>
                <rotationalPeriod>203996</rotationalPeriod>
                <atmosphereDensity>26</atmosphereDensity>
                <generateCraters>true</generateCraters>
                <generateVolcanos>false</generateVolcanos>
                <generateStructures>false</generateStructures>
                <generateGeodes>false</generateGeodes>
                <craterFrequencyMultiplier>1.0</craterFrequencyMultiplier>
                <biomeIds>minecraft:mutated_extreme_hills,biomesoplenty:outback,minecraft:mutated_forest,biomesoplenty:phantasmagoric_inferno,biomesoplenty:lavender_fields</biomeIds>
            </planet>
        </planet>
    </star>
    <star blackHole="false" name="Epsilon ire" numGasGiants="0" numPlanets="0" size="1.0" temp="170" x="-200" y="80">
        <planet DIMID="48" name="Sol-48">
            <isKnown>false</isKnown>
            <fogColor>1.0,1.0,1.0</fogColor>
            <skyColor>0.8,0.9491447,0.1510185</skyColor>
            <gravitationalMultiplier>130</gravitationalMultiplier>
            <orbitalDistance>111</orbitalDistance>
            <orbitalTheta>311</orbitalTheta>
            <orbitalPhi>51</orbitalPhi>
            <avgTemperature>464</avgTemperature>
            <rotationalPeriod>10923</rotationalPeriod>
            <atmosphereDensity>181</atmosphereDensity>
            <generateCraters>false</generateCraters>
            <generateVolcanos>true</generateVolcanos>
            <generateStructures>false</generateStructures>
            <generateGeodes>true</generateGeodes>
            <volcanoFrequencyMultiplier>1.0</volcanoFrequencyMultiplier>
            <geodefrequencyMultiplier>1.0</geodefrequencyMultiplier>
            <biomeIds>advancedrocketry:hotdryrock,advancedrocketry:volcanic,advancedrocketry:volcanicbarren</biomeIds>
            <planet DIMID="49" name="Sol-48: 0">
                <isKnown>false</isKnown>
                <fogColor>1.0,1.0,1.0</fogColor>
                <skyColor>0.8,0.97517806,0.5732737</skyColor>
                <gravitationalMultiplier>40</gravitationalMultiplier>
                <orbitalDistance>179</orbitalDistance>
                <orbitalTheta>213</orbitalTheta>
                <orbitalPhi>-247</orbitalPhi>
                <avgTemperature>325</avgTemperature>
                <rotationalPeriod>375000</rotationalPeriod>
                <atmosphereDensity>35</atmosphereDensity>
                <generateCraters>true</generateCraters>
                <generateVolcanos>false</generateVolcanos>
                <generateStructures>false</generateStructures>
                <generateGeodes>false</generateGeodes>
                <craterFrequencyMultiplier>1.0</craterFrequencyMultiplier>
                <biomeIds>advancedrocketry:crystalchasms</biomeIds>
            </planet>
            <oceanBlock>minecraft:lava</oceanBlock>
        </planet>
        <planet DIMID="54" name="Sol-54">
            <isKnown>false</isKnown>
            <fogColor>1.0,1.0,1.0</fogColor>
            <skyColor>0.8,0.77991974,0.08971554</skyColor>
            <gravitationalMultiplier>130</gravitationalMultiplier>
            <orbitalDistance>85</orbitalDistance>
            <orbitalTheta>98</orbitalTheta>
            <orbitalPhi>-137</orbitalPhi>
            <avgTemperature>471</avgTemperature>
            <rotationalPeriod>10923</rotationalPeriod>
            <atmosphereDensity>73</atmosphereDensity>
            <generateCraters>true</generateCraters>
            <generateVolcanos>true</generateVolcanos>
            <generateStructures>false</generateStructures>
            <generateGeodes>false</generateGeodes>
            <craterFrequencyMultiplier>1.0</craterFrequencyMultiplier>
            <volcanoFrequencyMultiplier>1.0</volcanoFrequencyMultiplier>
            <biomeIds>advancedrocketry:hotdryrock,advancedrocketry:volcanic,advancedrocketry:volcanicbarren</biomeIds>
            <planet DIMID="55" name="Sol-54: 0">
                <isKnown>false</isKnown>
                <fogColor>1.0,1.0,1.0</fogColor>
                <skyColor>0.8,0.848439,0.5553578</skyColor>
                <gravitationalMultiplier>84</gravitationalMultiplier>
                <orbitalDistance>185</orbitalDistance>
                <orbitalTheta>13</orbitalTheta>
                <orbitalPhi>-27</orbitalPhi>
                <avgTemperature>319</avgTemperature>
                <rotationalPeriod>40492</rotationalPeriod>
                <atmosphereDensity>26</atmosphereDensity>
                <generateCraters>true</generateCraters>
                <generateVolcanos>false</generateVolcanos>
                <generateStructures>false</generateStructures>
                <generateGeodes>false</generateGeodes>
                <craterFrequencyMultiplier>1.0</craterFrequencyMultiplier>
                <biomeIds>minecraft:mushroom_island</biomeIds>
            </planet>
            <planet DIMID="56" name="Sol-54: 1">
                <isKnown>false</isKnown>
                <fogColor>1.0,1.0,1.0</fogColor>
                <skyColor>0.8,0.7530235,0.5589388</skyColor>
                <gravitationalMultiplier>75</gravitationalMultiplier>
                <orbitalDistance>166</orbitalDistance>
                <orbitalTheta>297</orbitalTheta>
                <orbitalPhi>-281</orbitalPhi>
                <avgTemperature>337</avgTemperature>
                <rotationalPeriod>56888</rotationalPeriod>
                <atmosphereDensity>17</atmosphereDensity>
                <generateCraters>true</generateCraters>
                <generateVolcanos>false</generateVolcanos>
                <generateStructures>false</generateStructures>
                <generateGeodes>false</generateGeodes>
                <craterFrequencyMultiplier>1.0</craterFrequencyMultiplier>
                <seaLevel>50</seaLevel>
                <biomeIds>advancedrocketry:moon,advancedrocketry:moondark</biomeIds>
            </planet>
            <oceanBlock>minecraft:lava</oceanBlock>
        </planet>
        <planet DIMID="57" name="Sol-57">
            <isKnown>false</isKnown>
            <fogColor>1.0,1.0,1.0</fogColor>
            <skyColor>0.8,0.6322323,0.4735579</skyColor>
            <gravitationalMultiplier>93</gravitationalMultiplier>
            <orbitalDistance>154</orbitalDistance>
            <orbitalTheta>127</orbitalTheta>
            <orbitalPhi>225</orbitalPhi>
            <avgTemperature>350</avgTemperature>
            <rotationalPeriod>29837</rotationalPeriod>
            <atmosphereDensity>72</atmosphereDensity>
            <generateCraters>true</generateCraters>
            <generateVolcanos>false</generateVolcanos>
            <generateStructures>false</generateStructures>
            <generateGeodes>false</generateGeodes>
            <craterFrequencyMultiplier>1.0</craterFrequencyMultiplier>
            <biomeIds>biomesoplenty:oasis,biomesoplenty:visceral_heap,nuclearcraft:nuclear_wasteland,buildcraftenergy:oil_ocean,galacticraftplanets:outer space 2</biomeIds>
        </planet>
        <planet DIMID="58" name="Sol-58">
            <isKnown>false</isKnown>
            <fogColor>1.0,1.0,1.0</fogColor>
            <skyColor>0.8,0.53321266,0.20420694</skyColor>
            <gravitationalMultiplier>130</gravitationalMultiplier>
            <orbitalDistance>124</orbitalDistance>
            <orbitalTheta>312</orbitalTheta>
            <orbitalPhi>36</orbitalPhi>
            <avgTemperature>439</avgTemperature>
            <rotationalPeriod>10923</rotationalPeriod>
            <atmosphereDensity>143</atmosphereDensity>
            <generateCraters>false</generateCraters>
            <generateVolcanos>false</generateVolcanos>
            <generateStructures>true</generateStructures>
            <generateGeodes>true</generateGeodes>
            <geodefrequencyMultiplier>1.0</geodefrequencyMultiplier>
            <biomeIds>biomesoplenty:visceral_heap,biomesoplenty:lush_desert,biomesoplenty:phantasmagoric_inferno,twilightforest:twilight_lake,biomesoplenty:outback</biomeIds>
            <planet DIMID="59" name="Sol-58: 0">
                <isKnown>false</isKnown>
                <fogColor>1.0,1.0,1.0</fogColor>
                <skyColor>0.8,0.5188451,0.538142</skyColor>
                <gravitationalMultiplier>65</gravitationalMultiplier>
                <orbitalDistance>158</orbitalDistance>
                <orbitalTheta>289</orbitalTheta>
                <orbitalPhi>-229</orbitalPhi>
                <avgTemperature>346</avgTemperature>
                <rotationalPeriod>87391</rotationalPeriod>
                <atmosphereDensity>28</atmosphereDensity>
                <generateCraters>true</generateCraters>
                <generateVolcanos>false</generateVolcanos>
                <generateStructures>false</generateStructures>
                <generateGeodes>false</generateGeodes>
                <craterFrequencyMultiplier>1.0</craterFrequencyMultiplier>
                <seaLevel>76</seaLevel>
                <biomeIds>minecraft:mutated_mesa_rock,biomesoplenty:phantasmagoric_inferno,minecraft:mutated_mesa_clear_rock,minecraft:mutated_mesa,minecraft:mutated_jungle_edge</biomeIds>
            </planet>
            <planet DIMID="60" name="Sol-58: 1">
                <isKnown>false</isKnown>
                <fogColor>1.0,1.0,1.0</fogColor>
                <skyColor>0.8,0.64961505,0.32901973</skyColor>
                <gravitationalMultiplier>40</gravitationalMultiplier>
                <orbitalDistance>128</orbitalDistance>
                <orbitalTheta>329</orbitalTheta>
                <orbitalPhi>-50</orbitalPhi>
                <avgTemperature>384</avgTemperature>
                <rotationalPeriod>375000</rotationalPeriod>
                <atmosphereDensity>24</atmosphereDensity>
                <generateCraters>true</generateCraters>
                <generateVolcanos>false</generateVolcanos>
                <generateStructures>false</generateStructures>
                <generateGeodes>false</generateGeodes>
                <craterFrequencyMultiplier>1.0</craterFrequencyMultiplier>
                <biomeIds>advancedrocketry:moon,advancedrocketry:moondark</biomeIds>
            </planet>
            <planet DIMID="61" name="Sol-58: 2">
                <isKnown>false</isKnown>
                <fogColor>1.0,1.0,1.0</fogColor>
                <skyColor>0.8,0.688956,0.28176725</skyColor>
                <gravitationalMultiplier>58</gravitationalMultiplier>
                <orbitalDistance>110</orbitalDistance>
                <orbitalTheta>212</orbitalTheta>
                <orbitalPhi>142</orbitalPhi>
                <avgTemperature>414</avgTemperature>
                <rotationalPeriod>116857</rotationalPeriod>
                <atmosphereDensity>36</atmosphereDensity>
                <generateCraters>true</generateCraters>
                <generateVolcanos>false</generateVolcanos>
                <generateStructures>false</generateStructures>
                <generateGeodes>false</generateGeodes>
                <craterFrequencyMultiplier>1.0</craterFrequencyMultiplier>
                <seaLevel>47</seaLevel>
                <biomeIds>galacticraftplanets:outer space 1,biomesoplenty:fungi_forest,minecraft:desert,minecraft:mutated_mesa_clear_rock,biomesoplenty:tropical_rainforest</biomeIds>
            </planet>
        </planet>
        <planet DIMID="43" name="Sol-43">
            <isKnown>false</isKnown>
            <fogColor>1.0,1.0,1.0</fogColor>
            <skyColor>0.8,0.862851,0.0</skyColor>
            <gravitationalMultiplier>130</gravitationalMultiplier>
            <orbitalDistance>43</orbitalDistance>
            <orbitalTheta>321</orbitalTheta>
            <orbitalPhi>-349</orbitalPhi>
            <avgTemperature>746</avgTemperature>
            <rotationalPeriod>10923</rotationalPeriod>
            <atmosphereDensity>122</atmosphereDensity>
            <generateCraters>false</generateCraters>
            <generateVolcanos>true</generateVolcanos>
            <generateStructures>false</generateStructures>
            <generateGeodes>false</generateGeodes>
            <volcanoFrequencyMultiplier>1.0</volcanoFrequencyMultiplier>
            <biomeIds>advancedrocketry:hotdryrock,advancedrocketry:volcanic,advancedrocketry:volcanicbarren</biomeIds>
            <oceanBlock>minecraft:lava</oceanBlock>
        </planet>
        <planet DIMID="44" name="Sol-44">
            <isKnown>false</isKnown>
            <fogColor>1.0,1.0,1.0</fogColor>
            <skyColor>0.8,0.63666904,0.50104165</skyColor>
            <gravitationalMultiplier>130</gravitationalMultiplier>
            <orbitalDistance>154</orbitalDistance>
            <orbitalTheta>179</orbitalTheta>
            <orbitalPhi>-244</orbitalPhi>
            <avgTemperature>350</avgTemperature>
            <rotationalPeriod>10923</rotationalPeriod>
            <atmosphereDensity>52</atmosphereDensity>
            <generateCraters>true</generateCraters>
            <generateVolcanos>false</generateVolcanos>
            <generateStructures>false</generateStructures>
            <generateGeodes>false</generateGeodes>
            <craterFrequencyMultiplier>1.0</craterFrequencyMultiplier>
            <biomeIds>advancedrocketry:volcanicbarren,advancedrocketry:marsh,minecraft:jungle_edge,biomesoplenty:lush_desert,biomesoplenty:bayou</biomeIds>
        </planet>
        <planet DIMID="45" name="Sol-45">
            <isKnown>false</isKnown>
            <fogColor>1.0,1.0,1.0</fogColor>
            <skyColor>0.8,0.7047684,0.5475947</skyColor>
            <gravitationalMultiplier>130</gravitationalMultiplier>
            <orbitalDistance>187</orbitalDistance>
            <orbitalTheta>305</orbitalTheta>
            <orbitalPhi>-5</orbitalPhi>
            <avgTemperature>318</avgTemperature>
            <rotationalPeriod>10923</rotationalPeriod>
            <atmosphereDensity>29</atmosphereDensity>
            <generateCraters>true</generateCraters>
            <generateVolcanos>false</generateVolcanos>
            <generateStructures>false</generateStructures>
            <generateGeodes>false</generateGeodes>
            <craterFrequencyMultiplier>1.0</craterFrequencyMultiplier>
            <biomeIds>minecraft:mesa_rock,minecraft:mutated_swampland,biomesoplenty:cherry_blossom_grove,biomesoplenty:coral_reef,biomesoplenty:origin_island</biomeIds>
            <planet DIMID="46" name="Sol-45: 0">
                <isKnown>false</isKnown>
                <fogColor>1.0,1.0,1.0</fogColor>
                <skyColor>0.8,0.70346045,0.56648225</skyColor>
                <gravitationalMultiplier>50</gravitationalMultiplier>
                <orbitalDistance>171</orbitalDistance>
                <orbitalTheta>329</orbitalTheta>
                <orbitalPhi>297</orbitalPhi>
                <avgTemperature>332</avgTemperature>
                <rotationalPeriod>192000</rotationalPeriod>
                <atmosphereDensity>34</atmosphereDensity>
                <generateCraters>true</generateCraters>
                <generateVolcanos>false</generateVolcanos>
                <generateStructures>false</generateStructures>
                <generateGeodes>false</generateGeodes>
                <craterFrequencyMultiplier>1.0</craterFrequencyMultiplier>
                <biomeIds>biomesoplenty:outback,biomesoplenty:oasis,advancedrocketry:volcanicbarren,minecraft:mutated_jungle_edge,buildcraftenergy:oil_ocean</biomeIds>
            </planet>
            <planet DIMID="47" name="Sol-45: 1">
                <isKnown>false</isKnown>
                <fogColor>1.0,1.0,1.0</fogColor>
                <skyColor>0.8,0.8712168,0.31639123</skyColor>
                <gravitationalMultiplier>63</gravitationalMultiplier>
                <orbitalDistance>118</orbitalDistance>
                <orbitalTheta>159</orbitalTheta>
                <orbitalPhi>-107</orbitalPhi>
                <avgTemperature>400</avgTemperature>
                <rotationalPeriod>95981</rotationalPeriod>
                <atmosphereDensity>33</atmosphereDensity>
                <generateCraters>true</generateCraters>
                <generateVolcanos>false</generateVolcanos>
                <generateStructures>false</generateStructures>
                <generateGeodes>false</generateGeodes>
                <craterFrequencyMultiplier>1.0</craterFrequencyMultiplier>
                <seaLevel>56</seaLevel>
                <biomeIds>twilightforest:fire_swamp,minecraft:frozen_ocean,mahoutsukai:realitymarble,minecraft:mutated_mesa_rock,galacticraftplanets:outer space 2</biomeIds>
            </planet>
        </planet>
    </star>
    <star blackHole="false" name="Proxima Centaurs" numGasGiants="0" numPlanets="0" size="1.0" temp="200" x="-150" y="250">
        <planet DIMID="64" name="Sol-64">
            <isKnown>false</isKnown>
            <fogColor>1.0,1.0,1.0</fogColor>
            <skyColor>0.8,0.5140078,0.5073272</skyColor>
            <gravitationalMultiplier>130</gravitationalMultiplier>
            <orbitalDistance>204</orbitalDistance>
            <orbitalTheta>290</orbitalTheta>
            <orbitalPhi>17</orbitalPhi>
            <avgTemperature>358</avgTemperature>
            <rotationalPeriod>10923</rotationalPeriod>
            <atmosphereDensity>7</atmosphereDensity>
            <generateCraters>true</generateCraters>
            <generateVolcanos>false</generateVolcanos>
            <generateStructures>false</generateStructures>
            <generateGeodes>false</generateGeodes>
            <craterFrequencyMultiplier>1.0</craterFrequencyMultiplier>
            <biomeIds>advancedrocketry:moon,advancedrocketry:moondark</biomeIds>
        </planet>
        <planet DIMID="62" name="Sol-62">
            <isKnown>false</isKnown>
            <fogColor>1.0,1.0,1.0</fogColor>
            <skyColor>0.8,0.9504697,0.0</skyColor>
            <gravitationalMultiplier>130</gravitationalMultiplier>
            <orbitalDistance>73</orbitalDistance>
            <orbitalTheta>63</orbitalTheta>
            <orbitalPhi>-147</orbitalPhi>
            <avgTemperature>673</avgTemperature>
            <rotationalPeriod>10923</rotationalPeriod>
            <atmosphereDensity>196</atmosphereDensity>
            <generateCraters>false</generateCraters>
            <generateVolcanos>true</generateVolcanos>
            <generateStructures>false</generateStructures>
            <generateGeodes>true</generateGeodes>
            <volcanoFrequencyMultiplier>1.0</volcanoFrequencyMultiplier>
            <geodefrequencyMultiplier>1.0</geodefrequencyMultiplier>
            <seaLevel>57</seaLevel>
            <biomeIds>advancedrocketry:hotdryrock,advancedrocketry:volcanic,advancedrocketry:volcanicbarren</biomeIds>
            <oceanBlock>minecraft:lava</oceanBlock>
        </planet>
        <planet DIMID="63" name="Sol-63">
            <isKnown>false</isKnown>
            <fogColor>1.0,1.0,1.0</fogColor>
            <skyColor>0.8,0.69894075,0.042713106</skyColor>
            <gravitationalMultiplier>96</gravitationalMultiplier>
            <orbitalDistance>143</orbitalDistance>
            <orbitalTheta>164</orbitalTheta>
            <orbitalPhi>-172</orbitalPhi>
            <avgTemperature>481</avgTemperature>
            <rotationalPeriod>27126</rotationalPeriod>
            <atmosphereDensity>106</atmosphereDensity>
            <generateCraters>false</generateCraters>
            <generateVolcanos>true</generateVolcanos>
            <generateStructures>false</generateStructures>
            <generateGeodes>false</generateGeodes>
            <volcanoFrequencyMultiplier>1.0</volcanoFrequencyMultiplier>
            <biomeIds>advancedrocketry:hotdryrock,advancedrocketry:volcanic,advancedrocketry:volcanicbarren</biomeIds>
            <oceanBlock>minecraft:lava</oceanBlock>
        </planet>
    </star>
    <star blackHole="false" name="Magnis Vulpes" numGasGiants="0" numPlanets="0" size="1.0" temp="70" x="-150" y="-250">
        <planet DIMID="65" name="Sol-65">
            <isKnown>false</isKnown>
            <fogColor>1.0,1.0,1.0</fogColor>
            <skyColor>0.8,0.5956008,0.898068</skyColor>
            <gravitationalMultiplier>130</gravitationalMultiplier>
            <orbitalDistance>88</orbitalDistance>
            <orbitalTheta>265</orbitalTheta>
            <orbitalPhi>-84</orbitalPhi>
            <avgTemperature>214</avgTemperature>
            <rotationalPeriod>10923</rotationalPeriod>
            <atmosphereDensity>129</atmosphereDensity>
            <generateCraters>false</generateCraters>
            <generateVolcanos>false</generateVolcanos>
            <generateStructures>false</generateStructures>
            <generateGeodes>true</generateGeodes>
            <geodefrequencyMultiplier>1.0</geodefrequencyMultiplier>
            <biomeIds>minecraft:beaches,abyssalcraft:darklands_forest,biomesoplenty:flower_island,minecraft:jungle,biomesoplenty:bamboo_forest</biomeIds>
        </planet>
        <planet DIMID="66" name="Sol-66">
            <isKnown>false</isKnown>
            <fogColor>1.0,1.0,1.0</fogColor>
            <skyColor>0.8,0.8194622,1.0</skyColor>
            <gravitationalMultiplier>130</gravitationalMultiplier>
            <orbitalDistance>96</orbitalDistance>
            <orbitalTheta>305</orbitalTheta>
            <orbitalPhi>-250</orbitalPhi>
            <avgTemperature>182</avgTemperature>
            <rotationalPeriod>10923</rotationalPeriod>
            <atmosphereDensity>65</atmosphereDensity>
            <generateCraters>true</generateCraters>
            <generateVolcanos>false</generateVolcanos>
            <generateStructures>false</generateStructures>
            <generateGeodes>false</generateGeodes>
            <craterFrequencyMultiplier>1.0</craterFrequencyMultiplier>
            <biomeIds>galacticraftplanets:outer space 1,minecraft:mutated_extreme_hills,twilightforest:thornlands,minecraft:mutated_mesa_rock,minecraft:mutated_savanna_rock</biomeIds>
        </planet>
    </star>
    <star blackHole="false" name="Ma-Roo" numGasGiants="0" numPlanets="0" size="1.0" temp="200" x="50" y="-250">
        <planet DIMID="67" name="Sol-67">
            <isKnown>false</isKnown>
            <fogColor>1.0,1.0,1.0</fogColor>
            <skyColor>0.8,0.77383614,0.0</skyColor>
            <gravitationalMultiplier>130</gravitationalMultiplier>
            <orbitalDistance>66</orbitalDistance>
            <orbitalTheta>83</orbitalTheta>
            <orbitalPhi>23</orbitalPhi>
            <avgTemperature>708</avgTemperature>
            <rotationalPeriod>10923</rotationalPeriod>
            <atmosphereDensity>140</atmosphereDensity>
            <generateCraters>false</generateCraters>
            <generateVolcanos>true</generateVolcanos>
            <generateStructures>false</generateStructures>
            <generateGeodes>true</generateGeodes>
            <volcanoFrequencyMultiplier>1.0</volcanoFrequencyMultiplier>
            <geodefrequencyMultiplier>1.0</geodefrequencyMultiplier>
            <biomeIds>advancedrocketry:hotdryrock,advancedrocketry:volcanic,advancedrocketry:volcanicbarren</biomeIds>
            <oceanBlock>minecraft:lava</oceanBlock>
        </planet>
        <planet DIMID="68" name="Sol-68">
            <isKnown>false</isKnown>
            <fogColor>1.0,1.0,1.0</fogColor>
            <skyColor>0.8,0.992845,0.0</skyColor>
            <gravitationalMultiplier>108</gravitationalMultiplier>
            <orbitalDistance>119</orbitalDistance>
            <orbitalTheta>251</orbitalTheta>
            <orbitalPhi>-304</orbitalPhi>
            <avgTemperature>527</avgTemperature>
            <rotationalPeriod>19051</rotationalPeriod>
            <atmosphereDensity>114</atmosphereDensity>
            <generateCraters>false</generateCraters>
            <generateVolcanos>true</generateVolcanos>
            <generateStructures>false</generateStructures>
            <generateGeodes>false</generateGeodes>
            <volcanoFrequencyMultiplier>1.0</volcanoFrequencyMultiplier>
            <biomeIds>advancedrocketry:hotdryrock,advancedrocketry:volcanic,advancedrocketry:volcanicbarren</biomeIds>
            <planet DIMID="69" name="Sol-68: 0">
                <isKnown>false</isKnown>
                <fogColor>1.0,1.0,1.0</fogColor>
                <skyColor>0.8,0.96712875,0.31572157</skyColor>
                <gravitationalMultiplier>60</gravitationalMultiplier>
                <orbitalDistance>169</orbitalDistance>
                <orbitalTheta>99</orbitalTheta>
                <orbitalPhi>-4</orbitalPhi>
                <avgTemperature>393</avgTemperature>
                <rotationalPeriod>111111</rotationalPeriod>
                <atmosphereDensity>37</atmosphereDensity>
                <generateCraters>true</generateCraters>
                <generateVolcanos>false</generateVolcanos>
                <generateStructures>false</generateStructures>
                <generateGeodes>false</generateGeodes>
                <craterFrequencyMultiplier>1.0</craterFrequencyMultiplier>
                <biomeIds>minecraft:savanna_rock,minecraft:frozen_ocean,minecraft:desert,biomesoplenty:brushland,minecraft:jungle_hills</biomeIds>
            </planet>
            <oceanBlock>minecraft:lava</oceanBlock>
        </planet>
        <planet DIMID="70" name="Sol-70">
            <isKnown>false</isKnown>
            <fogColor>1.0,1.0,1.0</fogColor>
            <skyColor>0.8,0.9168844,0.47254252</skyColor>
            <gravitationalMultiplier>130</gravitationalMultiplier>
            <orbitalDistance>212</orbitalDistance>
            <orbitalTheta>346</orbitalTheta>
            <orbitalPhi>-164</orbitalPhi>
            <avgTemperature>351</avgTemperature>
            <rotationalPeriod>10923</rotationalPeriod>
            <atmosphereDensity>19</atmosphereDensity>
            <generateCraters>true</generateCraters>
            <generateVolcanos>false</generateVolcanos>
            <generateStructures>false</generateStructures>
            <generateGeodes>false</generateGeodes>
            <craterFrequencyMultiplier>1.0</craterFrequencyMultiplier>
            <biomeIds>advancedrocketry:moon,advancedrocketry:moondark</biomeIds>
            <planet DIMID="71" name="Sol-70: 0">
                <isKnown>false</isKnown>
                <fogColor>1.0,1.0,1.0</fogColor>
                <skyColor>0.8,0.60070026,0.21873128</skyColor>
                <gravitationalMultiplier>58</gravitationalMultiplier>
                <orbitalDistance>138</orbitalDistance>
                <orbitalTheta>24</orbitalTheta>
                <orbitalPhi>-6</orbitalPhi>
                <avgTemperature>435</avgTemperature>
                <rotationalPeriod>116857</rotationalPeriod>
                <atmosphereDensity>24</atmosphereDensity>
                <generateCraters>true</generateCraters>
                <generateVolcanos>false</generateVolcanos>
                <generateStructures>false</generateStructures>
                <generateGeodes>false</generateGeodes>
                <craterFrequencyMultiplier>1.0</craterFrequencyMultiplier>
                <biomeIds>advancedrocketry:moon,advancedrocketry:moondark</biomeIds>
            </planet>
        </planet>
        <planet DIMID="72" name="Sol-72">
            <isKnown>false</isKnown>
            <fogColor>1.0,1.0,1.0</fogColor>
            <skyColor>0.8,0.87749124,0.0702433</skyColor>
            <gravitationalMultiplier>130</gravitationalMultiplier>
            <orbitalDistance>139</orbitalDistance>
            <orbitalTheta>202</orbitalTheta>
            <orbitalPhi>-9</orbitalPhi>
            <avgTemperature>488</avgTemperature>
            <rotationalPeriod>10923</rotationalPeriod>
            <atmosphereDensity>123</atmosphereDensity>
            <generateCraters>false</generateCraters>
            <generateVolcanos>true</generateVolcanos>
            <generateStructures>false</generateStructures>
            <generateGeodes>false</generateGeodes>
            <volcanoFrequencyMultiplier>1.0</volcanoFrequencyMultiplier>
            <biomeIds>advancedrocketry:hotdryrock,advancedrocketry:volcanic,advancedrocketry:volcanicbarren</biomeIds>
            <planet DIMID="73" name="Sol-72: 0">
                <isKnown>false</isKnown>
                <fogColor>1.0,1.0,1.0</fogColor>
                <skyColor>0.8,0.6496657,0.15655208</skyColor>
                <gravitationalMultiplier>42</gravitationalMultiplier>
                <orbitalDistance>136</orbitalDistance>
                <orbitalTheta>300</orbitalTheta>
                <orbitalPhi>-291</orbitalPhi>
                <avgTemperature>438</avgTemperature>
                <rotationalPeriod>323939</rotationalPeriod>
                <atmosphereDensity>16</atmosphereDensity>
                <generateCraters>true</generateCraters>
                <generateVolcanos>false</generateVolcanos>
                <generateStructures>false</generateStructures>
                <generateGeodes>false</generateGeodes>
                <craterFrequencyMultiplier>1.0</craterFrequencyMultiplier>
                <seaLevel>73</seaLevel>
                <biomeIds>advancedrocketry:moon,advancedrocketry:moondark</biomeIds>
                <oceanBlock>advancedrocketry:oxygenfluid</oceanBlock>
            </planet>
            <planet DIMID="74" name="Sol-72: 1">
                <isKnown>false</isKnown>
                <fogColor>1.0,1.0,1.0</fogColor>
                <skyColor>0.8,0.70811427,0.24572182</skyColor>
                <gravitationalMultiplier>75</gravitationalMultiplier>
                <orbitalDistance>152</orbitalDistance>
                <orbitalTheta>235</orbitalTheta>
                <orbitalPhi>-10</orbitalPhi>
                <avgTemperature>415</avgTemperature>
                <rotationalPeriod>56888</rotationalPeriod>
                <atmosphereDensity>18</atmosphereDensity>
                <generateCraters>true</generateCraters>
                <generateVolcanos>false</generateVolcanos>
                <generateStructures>false</generateStructures>
                <generateGeodes>false</generateGeodes>
                <craterFrequencyMultiplier>1.0</craterFrequencyMultiplier>
                <biomeIds>advancedrocketry:moon,advancedrocketry:moondark</biomeIds>
            </planet>
            <oceanBlock>minecraft:lava</oceanBlock>
        </planet>
        <planet DIMID="75" name="Sol-75">
            <isKnown>false</isKnown>
            <fogColor>1.0,1.0,1.0</fogColor>
            <skyColor>0.8,0.7839836,0.0</skyColor>
            <gravitationalMultiplier>130</gravitationalMultiplier>
            <orbitalDistance>57</orbitalDistance>
            <orbitalTheta>238</orbitalTheta>
            <orbitalPhi>-75</orbitalPhi>
            <avgTemperature>677</avgTemperature>
            <rotationalPeriod>10923</rotationalPeriod>
            <atmosphereDensity>94</atmosphereDensity>
            <generateCraters>false</generateCraters>
            <generateVolcanos>true</generateVolcanos>
            <generateStructures>false</generateStructures>
            <generateGeodes>false</generateGeodes>
            <volcanoFrequencyMultiplier>1.0</volcanoFrequencyMultiplier>
            <biomeIds>advancedrocketry:hotdryrock,advancedrocketry:volcanic,advancedrocketry:volcanicbarren</biomeIds>
            <planet DIMID="76" name="Sol-75: 0">
                <isKnown>false</isKnown>
                <fogColor>1.0,1.0,1.0</fogColor>
                <skyColor>0.8,0.92962825,0.13068485</skyColor>
                <gravitationalMultiplier>74</gravitationalMultiplier>
                <orbitalDistance>124</orbitalDistance>
                <orbitalTheta>331</orbitalTheta>
                <orbitalPhi>137</orbitalPhi>
                <avgTemperature>459</avgTemperature>
                <rotationalPeriod>59226</rotationalPeriod>
                <atmosphereDensity>16</atmosphereDensity>
                <generateCraters>true</generateCraters>
                <generateVolcanos>true</generateVolcanos>
                <generateStructures>false</generateStructures>
                <generateGeodes>false</generateGeodes>
                <craterFrequencyMultiplier>1.0</craterFrequencyMultiplier>
                <volcanoFrequencyMultiplier>1.0</volcanoFrequencyMultiplier>
                <biomeIds>advancedrocketry:moon,advancedrocketry:moondark</biomeIds>
                <oceanBlock>minecraft:lava</oceanBlock>
            </planet>
            <planet DIMID="77" name="Sol-75: 1">
                <isKnown>false</isKnown>
                <fogColor>1.0,1.0,1.0</fogColor>
                <skyColor>0.8,0.62925625,0.021377802</skyColor>
                <gravitationalMultiplier>79</gravitationalMultiplier>
                <orbitalDistance>106</orbitalDistance>
                <orbitalTheta>148</orbitalTheta>
                <orbitalPhi>-125</orbitalPhi>
                <avgTemperature>496</avgTemperature>
                <rotationalPeriod>48677</rotationalPeriod>
                <atmosphereDensity>27</atmosphereDensity>
                <generateCraters>true</generateCraters>
                <generateVolcanos>true</generateVolcanos>
                <generateStructures>false</generateStructures>
                <generateGeodes>false</generateGeodes>
                <craterFrequencyMultiplier>1.0</craterFrequencyMultiplier>
                <volcanoFrequencyMultiplier>1.0</volcanoFrequencyMultiplier>
                <biomeIds>advancedrocketry:hotdryrock,advancedrocketry:volcanic,advancedrocketry:volcanicbarren</biomeIds>
                <oceanBlock>minecraft:lava</oceanBlock>
            </planet>
            <planet DIMID="78" name="Sol-75: 2">
                <isKnown>false</isKnown>
                <fogColor>1.0,1.0,1.0</fogColor>
                <skyColor>0.8,0.6369125,0.0</skyColor>
                <gravitationalMultiplier>52</gravitationalMultiplier>
                <orbitalDistance>106</orbitalDistance>
                <orbitalTheta>272</orbitalTheta>
                <orbitalPhi>-186</orbitalPhi>
                <avgTemperature>496</avgTemperature>
                <rotationalPeriod>170687</rotationalPeriod>
                <atmosphereDensity>30</atmosphereDensity>
                <generateCraters>true</generateCraters>
                <generateVolcanos>true</generateVolcanos>
                <generateStructures>false</generateStructures>
                <generateGeodes>false</generateGeodes>
                <craterFrequencyMultiplier>1.0</craterFrequencyMultiplier>
                <volcanoFrequencyMultiplier>1.0</volcanoFrequencyMultiplier>
                <biomeIds>advancedrocketry:hotdryrock,advancedrocketry:volcanic,advancedrocketry:volcanicbarren</biomeIds>
                <oceanBlock>minecraft:lava</oceanBlock>
            </planet>
            <oceanBlock>minecraft:lava</oceanBlock>
        </planet>
        <planet DIMID="79" name="Sol-79">
            <isKnown>false</isKnown>
            <fogColor>1.0,1.0,1.0</fogColor>
            <skyColor>0.8,0.71135575,0.35110688</skyColor>
            <gravitationalMultiplier>119</gravitationalMultiplier>
            <orbitalDistance>167</orbitalDistance>
            <orbitalTheta>267</orbitalTheta>
            <orbitalPhi>-178</orbitalPhi>
            <avgTemperature>395</avgTemperature>
            <rotationalPeriod>14241</rotationalPeriod>
            <atmosphereDensity>0</atmosphereDensity>
            <generateCraters>true</generateCraters>
            <generateVolcanos>false</generateVolcanos>
            <generateStructures>false</generateStructures>
            <generateGeodes>false</generateGeodes>
            <craterFrequencyMultiplier>1.0</craterFrequencyMultiplier>
            <biomeIds>advancedrocketry:moon,advancedrocketry:moondark</biomeIds>
            <planet DIMID="80" name="Sol-79: 0">
                <isKnown>false</isKnown>
                <fogColor>1.0,1.0,1.0</fogColor>
                <skyColor>0.8,0.7590639,0.20102257</skyColor>
                <gravitationalMultiplier>44</gravitationalMultiplier>
                <orbitalDistance>144</orbitalDistance>
                <orbitalTheta>25</orbitalTheta>
                <orbitalPhi>34</orbitalPhi>
                <avgTemperature>426</avgTemperature>
                <rotationalPeriod>281743</rotationalPeriod>
                <atmosphereDensity>20</atmosphereDensity>
                <generateCraters>true</generateCraters>
                <generateVolcanos>false</generateVolcanos>
                <generateStructures>false</generateStructures>
                <generateGeodes>false</generateGeodes>
                <craterFrequencyMultiplier>1.0</craterFrequencyMultiplier>
                <biomeIds>advancedrocketry:moon,advancedrocketry:moondark</biomeIds>
            </planet>
            <planet DIMID="81" name="Sol-79: 1">
                <isKnown>false</isKnown>
                <fogColor>1.0,1.0,1.0</fogColor>
                <skyColor>0.8,0.60644275,0.41395324</skyColor>
                <gravitationalMultiplier>50</gravitationalMultiplier>
                <orbitalDistance>193</orbitalDistance>
                <orbitalTheta>222</orbitalTheta>
                <orbitalPhi>-142</orbitalPhi>
                <avgTemperature>368</avgTemperature>
                <rotationalPeriod>192000</rotationalPeriod>
                <atmosphereDensity>18</atmosphereDensity>
                <generateCraters>true</generateCraters>
                <generateVolcanos>false</generateVolcanos>
                <generateStructures>false</generateStructures>
                <generateGeodes>false</generateGeodes>
                <craterFrequencyMultiplier>1.0</craterFrequencyMultiplier>
                <seaLevel>76</seaLevel>
                <biomeIds>advancedrocketry:moon,advancedrocketry:moondark</biomeIds>
                <oceanBlock>advancedrocketry:oxygenfluid</oceanBlock>
            </planet>
            <planet DIMID="82" name="Sol-79: 2">
                <isKnown>false</isKnown>
                <fogColor>1.0,1.0,1.0</fogColor>
                <skyColor>0.8,0.6450467,0.05890286</skyColor>
                <gravitationalMultiplier>73</gravitationalMultiplier>
                <orbitalDistance>114</orbitalDistance>
                <orbitalTheta>204</orbitalTheta>
                <orbitalPhi>-204</orbitalPhi>
                <avgTemperature>479</avgTemperature>
                <rotationalPeriod>61693</rotationalPeriod>
                <atmosphereDensity>29</atmosphereDensity>
                <generateCraters>true</generateCraters>
                <generateVolcanos>true</generateVolcanos>
                <generateStructures>false</generateStructures>
                <generateGeodes>false</generateGeodes>
                <craterFrequencyMultiplier>1.0</craterFrequencyMultiplier>
                <volcanoFrequencyMultiplier>1.0</volcanoFrequencyMultiplier>
                <biomeIds>advancedrocketry:hotdryrock,advancedrocketry:volcanic,advancedrocketry:volcanicbarren</biomeIds>
                <oceanBlock>minecraft:lava</oceanBlock>
            </planet>
        </planet>
    </star>
    <star blackHole="false" name="Alykitt" numGasGiants="0" numPlanets="0" size="1.0" temp="120" x="75" y="200">
        <planet DIMID="83" name="Sol-83">
            <isKnown>false</isKnown>
            <GasGiant>true</GasGiant>
            <gas>hydrogen</gas>
            <gas>nitrogen</gas>
            <gas>oxygen</gas>
            <fogColor>1.0,1.0,1.0</fogColor>
            <skyColor>1.0,1.0,1.0</skyColor>
            <gravitationalMultiplier>130</gravitationalMultiplier>
            <orbitalDistance>209</orbitalDistance>
            <orbitalTheta>0</orbitalTheta>
            <orbitalPhi>0</orbitalPhi>
            <avgTemperature>238</avgTemperature>
            <rotationalPeriod>24000</rotationalPeriod>
            <atmosphereDensity>161</atmosphereDensity>
            <generateCraters>false</generateCraters>
            <generateVolcanos>false</generateVolcanos>
            <generateStructures>false</generateStructures>
            <generateGeodes>false</generateGeodes>
        </planet>
        <planet DIMID="84" name="Sol-84">
            <isKnown>false</isKnown>
            <fogColor>1.0,1.0,1.0</fogColor>
            <skyColor>0.8,0.89972854,0.19528556</skyColor>
            <gravitationalMultiplier>130</gravitationalMultiplier>
            <orbitalDistance>60</orbitalDistance>
            <orbitalTheta>151</orbitalTheta>
            <orbitalPhi>-268</orbitalPhi>
            <avgTemperature>445</avgTemperature>
            <rotationalPeriod>10923</rotationalPeriod>
            <atmosphereDensity>139</atmosphereDensity>
            <generateCraters>false</generateCraters>
            <generateVolcanos>false</generateVolcanos>
            <generateStructures>true</generateStructures>
            <generateGeodes>true</generateGeodes>
            <geodefrequencyMultiplier>1.0</geodefrequencyMultiplier>
            <biomeIds>advancedrocketry:marsh,minecraft:mutated_jungle,biomesoplenty:undergarden,advancedrocketry:volcanicbarren,biomesoplenty:xeric_shrubland</biomeIds>
            <planet DIMID="85" name="Sol-84: 0">
                <isKnown>false</isKnown>
                <fogColor>1.0,1.0,1.0</fogColor>
                <skyColor>0.8,0.78656375,0.8776443</skyColor>
                <gravitationalMultiplier>87</gravitationalMultiplier>
                <orbitalDistance>189</orbitalDistance>
                <orbitalTheta>356</orbitalTheta>
                <orbitalPhi>-128</orbitalPhi>
                <avgTemperature>223</avgTemperature>
                <rotationalPeriod>36446</rotationalPeriod>
                <atmosphereDensity>32</atmosphereDensity>
                <generateCraters>true</generateCraters>
                <generateVolcanos>false</generateVolcanos>
                <generateStructures>false</generateStructures>
                <generateGeodes>false</generateGeodes>
                <craterFrequencyMultiplier>1.0</craterFrequencyMultiplier>
                <biomeIds>advancedrocketry:crystalchasms</biomeIds>
            </planet>
            <planet DIMID="86" name="Sol-84: 1">
                <isKnown>false</isKnown>
                <fogColor>1.0,1.0,1.0</fogColor>
                <skyColor>0.8,0.8339857,0.7598213</skyColor>
                <gravitationalMultiplier>84</gravitationalMultiplier>
                <orbitalDistance>142</orbitalDistance>
                <orbitalTheta>144</orbitalTheta>
                <orbitalPhi>-358</orbitalPhi>
                <avgTemperature>257</avgTemperature>
                <rotationalPeriod>40492</rotationalPeriod>
                <atmosphereDensity>27</atmosphereDensity>
                <generateCraters>true</generateCraters>
                <generateVolcanos>false</generateVolcanos>
                <generateStructures>false</generateStructures>
                <generateGeodes>false</generateGeodes>
                <craterFrequencyMultiplier>1.0</craterFrequencyMultiplier>
                <biomeIds>abyssalcraft:omothol,minecraft:smaller_extreme_hills,biomesoplenty:snowy_tundra,biomesoplenty:bamboo_forest,biomesoplenty:maple_woods</biomeIds>
            </planet>
            <planet DIMID="87" name="Sol-84: 2">
                <isKnown>false</isKnown>
                <fogColor>1.0,1.0,1.0</fogColor>
                <skyColor>0.8,0.5840825,0.9774975</skyColor>
                <gravitationalMultiplier>65</gravitationalMultiplier>
                <orbitalDistance>198</orbitalDistance>
                <orbitalTheta>126</orbitalTheta>
                <orbitalPhi>-103</orbitalPhi>
                <avgTemperature>218</avgTemperature>
                <rotationalPeriod>87391</rotationalPeriod>
                <atmosphereDensity>20</atmosphereDensity>
                <generateCraters>true</generateCraters>
                <generateVolcanos>false</generateVolcanos>
                <generateStructures>false</generateStructures>
                <generateGeodes>false</generateGeodes>
                <craterFrequencyMultiplier>1.0</craterFrequencyMultiplier>
                <biomeIds>advancedrocketry:moon,advancedrocketry:moondark</biomeIds>
            </planet>
        </planet>
        <planet DIMID="88" name="Sol-88">
            <isKnown>false</isKnown>
            <fogColor>1.0,1.0,1.0</fogColor>
            <skyColor>0.8,0.66693544,0.5938611</skyColor>
            <gravitationalMultiplier>129</gravitationalMultiplier>
            <orbitalDistance>91</orbitalDistance>
            <orbitalTheta>233</orbitalTheta>
            <orbitalPhi>-50</orbitalPhi>
            <avgTemperature>321</avgTemperature>
            <rotationalPeriod>11180</rotationalPeriod>
            <atmosphereDensity>93</atmosphereDensity>
            <generateCraters>false</generateCraters>
            <generateVolcanos>false</generateVolcanos>
            <generateStructures>true</generateStructures>
            <generateGeodes>false</generateGeodes>
            <biomeIds>biomesoplenty:origin_island,twilightforest:spooky_forest,biomesoplenty:kelp_forest,biomesoplenty:flower_field,minecraft:birch_forest_hills</biomeIds>
        </planet>
        <planet DIMID="89" name="Sol-89">
            <isKnown>false</isKnown>
            <fogColor>1.0,1.0,1.0</fogColor>
            <skyColor>0.8,0.9980937,0.81953216</skyColor>
            <gravitationalMultiplier>104</gravitationalMultiplier>
            <orbitalDistance>144</orbitalDistance>
            <orbitalTheta>159</orbitalTheta>
            <orbitalPhi>-137</orbitalPhi>
            <avgTemperature>255</avgTemperature>
            <rotationalPeriod>20150</rotationalPeriod>
            <atmosphereDensity>0</atmosphereDensity>
            <generateCraters>true</generateCraters>
            <generateVolcanos>false</generateVolcanos>
            <generateStructures>false</generateStructures>
            <generateGeodes>false</generateGeodes>
            <craterFrequencyMultiplier>1.0</craterFrequencyMultiplier>
            <biomeIds>advancedrocketry:moon,advancedrocketry:moondark</biomeIds>
        </planet>
    </star>
</galaxy>
